输入商品名称,匹配的SPU,匹配的SKU,期望值
Vivo Y300i 5G 12+512雾凇蓝,vivo Y300i,vivo Y300i 全网通5G 12GB+512GB 雾松蓝,vivo Y300i 全网通5G 12GB+512GB 雾松蓝
Vivo Y300Pro+ 5G(12+512)微粉,vivo Y300 Pro+,vivo Y300 Pro+ 全网通5G 12GB+512GB 微粉,vivo Y300 Pro+ 全网通5G 12GB+512GB 微粉
Vivo Y300Pro+ 5G(12+256)微粉,vivo Y300 Pro+,vivo Y300 Pro+ 全网通5G 12GB+256GB 微粉,vivo Y300 Pro+ 全网通5G 12GB+256GB 微粉
Vivo Y50 5G(8+256)白金,vivo Y50,vivo Y50 全网通5G 8GB+256GB 白金,vivo Y50 全网通5G 8GB+256GB 白金
Vivo Y50 5G(8+256)钻黑,vivo Y50,vivo Y50 全网通5G 8GB+256GB 钻黑,vivo Y50 全网通5G 8GB+256GB 钻黑
Vivo Y50 5G(8+256)天青,vivo Y50,vivo Y50 全网通5G 8GB+256GB 天青,vivo Y50 全网通5G 8GB+256GB 天青
Vivo Y500 5G(12+256)龙晶紫,vivo Y500,vivo Y500 全网通5G 12GB+256GB 龙晶紫,vivo Y500 全网通5G 12GB+256GB 龙晶紫
Vivo Y500 5G(12+256)冰川蓝,vivo Y500,vivo Y500 全网通5G 12GB+256GB 冰川蓝,vivo Y500 全网通5G 12GB+256GB 冰川蓝
Vivo Y500 5G(12+512)冰川蓝,vivo Y500,vivo Y500 全网通5G 12GB+512GB 冰川蓝,vivo Y500 全网通5G 12GB+512GB 冰川蓝
Vivo Y500 5G(12+512)玄武黑,vivo Y500,vivo Y500 全网通5G 12GB+512GB 玄武黑,vivo Y500 全网通5G 12GB+512GB 玄武黑
Vivo Y500 5G(12+512)龙晶紫,vivo Y500,vivo Y500 全网通5G 12GB+512GB 龙晶紫,vivo Y500 全网通5G 12GB+512GB 龙晶紫
Vivo Y50 5G(6+128)白金,vivo Y50,vivo Y50 全网通5G 6GB+128GB 白金,vivo Y50 全网通5G 6GB+128GB 白金
Vivo Y500Pro 5G(12+256)柔粉,vivo Y500 Pro,vivo Y500 Pro 全网通5G 12GB+256GB 柔粉,vivo Y500 Pro 全网通5G 12GB+256GB 柔粉
Vivo Y500Pro 5G(12+256)钛黑,vivo Y500 Pro,vivo Y500 Pro 全网通5G 12GB+256GB 钛黑,vivo Y500 Pro 全网通5G 12GB+256GB 钛黑
Vivo Y500Pro 5G(12+256)浅绿,vivo Y500 Pro,vivo Y500 Pro 全网通5G 12GB+256GB 浅绿,vivo Y500 Pro 全网通5G 12GB+256GB 浅绿
Vivo Y500Pro 5G(12+256)祥云金,vivo Y500 Pro,vivo Y500 Pro 全网通5G 12GB+256GB 祥云金,vivo Y500 Pro 全网通5G 12GB+256GB 祥云金
Vivo Y500Pro 5G(12+512)钛黑,vivo Y500 Pro,vivo Y500 Pro 全网通5G 12GB+512GB 钛黑,vivo Y500 Pro 全网通5G 12GB+512GB 钛黑
Vivo Y500Pro 5G(12+512)祥云金,vivo Y500 Pro,vivo Y500 Pro 全网通5G 12GB+512GB 祥云金,vivo Y500 Pro 全网通5G 12GB+512GB 祥云金
Vivo Y500Pro 5G(12+512)柔粉,vivo Y500 Pro,vivo Y500 Pro 全网通5G 12GB+512GB 柔粉,vivo Y500 Pro 全网通5G 12GB+512GB 柔粉
Vivo Y500Pro 5G(12+512)浅绿,vivo Y500 Pro,vivo Y500 Pro 全网通5G 12GB+512GB 浅绿,vivo Y500 Pro 全网通5G 12GB+512GB 浅绿
Vivo Y50i 5G(6+128)天青,vivo Y50i,vivo Y50i 全网通版 6GB+128GB 天青,vivo Y50i 全网通版 6GB+128GB 天青
Vivo Y50i 5G(6+128)钻黑,vivo Y50i,vivo Y50i 全网通版 6GB+128GB 钻黑,vivo Y50i 全网通版 6GB+128GB 钻黑
Vivo S30 5G(12+512)可可黑,vivo S30,vivo S30 全网通5G 12GB+512GB 可可黑,vivo S30 全网通5G 12GB+512GB 可可黑
Vivo S30 5G(12+512)薄荷青,vivo S30,vivo S30 全网通5G 12GB+512GB 薄荷青,vivo S30 全网通5G 12GB+512GB 薄荷青
Vivo S30 5G(12+512)桃桃粉,vivo S30,vivo S30 全网通5G 12GB+512GB 桃桃粉,vivo S30 全网通5G 12GB+512GB 桃桃粉
Vivo S30 5G(12+512)柠檬黄,vivo S30,vivo S30 全网通5G 12GB+512GB 柠檬黄,vivo S30 全网通5G 12GB+512GB 柠檬黄
Vivo S30Promini 5G(12+512)可可黑,vivo S30 Pro mini,vivo S30 Pro mini 全网通5G 12GB+512GB 可可黑,vivo S30 Pro mini 全网通5G 12GB+512GB 可可黑
Vivo S30Promini 5G(12+512)薄荷青,vivo S30 Pro mini,vivo S30 Pro mini 全网通5G 12GB+512GB 薄荷青,vivo S30 Pro mini 全网通5G 12GB+512GB 薄荷青
Vivo S30Promini 5G(12+512)柠檬黄,vivo S30 Pro mini,vivo S30 Pro mini 全网通5G 12GB+512GB 柠檬黄,vivo S30 Pro mini 全网通5G 12GB+512GB 柠檬黄
Vivo S30Promini 5G(12+512)酷莓粉,vivo S30 Pro mini,vivo S30 Pro mini 全网通5G 12GB+512GB 酷莓粉,vivo S30 Pro mini 全网通5G 12GB+512GB 酷莓粉
Vivo S30Promini 5G(16+512)薄荷青,vivo S30 Pro mini,vivo S30 Pro mini 全网通5G 16GB+512GB 薄荷青,vivo S30 Pro mini 全网通5G 16GB+512GB 薄荷青
Vivo S30Promini 5G(16+512)柠檬黄,vivo S30 Pro mini,vivo S30 Pro mini 全网通5G 16GB+512GB 柠檬黄,vivo S30 Pro mini 全网通5G 16GB+512GB 柠檬黄
Vivo S30Promini 5G(16+512)可可黑,vivo S30 Pro mini,vivo S30 Pro mini 全网通5G 16GB+512GB 可可黑,vivo S30 Pro mini 全网通5G 16GB+512GB 可可黑
Vivo S30Promini 5G(16+512)酷莓粉,vivo S30 Pro mini,vivo S30 Pro mini 全网通5G 16GB+512GB 酷莓粉,vivo S30 Pro mini 全网通5G 16GB+512GB 酷莓粉
Vivo S30 5G(16+512)桃桃粉,vivo S30,vivo S30 全网通5G 16GB+512GB 桃桃粉,vivo S30 全网通5G 16GB+512GB 桃桃粉
Vivo S30 5G(16+512)可可黑,vivo S30,vivo S30 全网通5G 16GB+512GB 可可黑,vivo S30 全网通5G 16GB+512GB 可可黑
Vivo S30 5G(16+512)薄荷青,vivo S30,vivo S30 全网通5G 16GB+512GB 薄荷青,vivo S30 全网通5G 16GB+512GB 薄荷青
Vivo S50Promini 5G(16+512)告白,vivo S50 Pro mini,vivo S50 Pro mini 全网通5G 16GB+512GB 告白,vivo S50 Pro mini 全网通5G 16GB+512GB 告白
Vivo S50Promini 5G(16+512)深空黑,vivo S50 Pro mini,vivo S50 Pro mini 全网通5G 16GB+512GB 深空黑,vivo S50 Pro mini 全网通5G 16GB+512GB 深空黑
Vivo S50Promini 5G(16+512)灵感紫,vivo S50 Pro mini,vivo S50 Pro mini 全网通5G 16GB+512GB 灵感紫,vivo S50 Pro mini 全网通5G 16GB+512GB 灵感紫
Vivo S50Promini 5G(12+512)灵感紫,vivo S50 Pro mini,vivo S50 Pro mini 全网通5G 12GB+512GB 灵感紫,vivo S50 Pro mini 全网通5G 12GB+512GB 灵感紫
Vivo S50Promini 5G(12+512)深空黑,vivo S50 Pro mini,vivo S50 Pro mini 全网通5G 12GB+512GB 深空黑,vivo S50 Pro mini 全网通5G 12GB+512GB 深空黑
Vivo S50Promini 5G(12+512)告白,vivo S50 Pro mini,vivo S50 Pro mini 全网通5G 12GB+512GB 告白,vivo S50 Pro mini 全网通5G 12GB+512GB 告白
Vivo S50 5G(16+512)灵感紫,vivo S50,vivo S50 全网通5G 16GB+512GB 灵感紫,vivo S50 全网通5G 16GB+512GB 灵感紫
Vivo S50 5G(16+512)深空黑,vivo S50,vivo S50 全网通5G 16GB+512GB 深空黑,vivo S50 全网通5G 16GB+512GB 深空黑
Vivo S50 5G(16+512)悠悠蓝,vivo S50,vivo S50 全网通5G 16GB+512GB 悠悠蓝,vivo S50 全网通5G 16GB+512GB 悠悠蓝
Vivo S50 5G(12+512)告白,vivo S50,vivo S50 全网通5G 12GB+512GB 告白,vivo S50 全网通5G 12GB+512GB 告白
Vivo S50 5G(12+512)悠悠蓝,vivo S50,vivo S50 全网通5G 12GB+512GB 悠悠蓝,vivo S50 全网通5G 12GB+512GB 悠悠蓝
Vivo S50 5G(12+512)深空黑,vivo S50,vivo S50 全网通5G 12GB+512GB 深空黑,vivo S50 全网通5G 12GB+512GB 深空黑
Vivo S50 5G(12+512)灵感紫,vivo S50,vivo S50 全网通5G 12GB+512GB 灵感紫,vivo S50 全网通5G 12GB+512GB 灵感紫
Vivo S50 5G(12+256)悠悠蓝,vivo S50,vivo S50 全网通5G 12GB+256GB 悠悠蓝,vivo S50 全网通5G 12GB+256GB 悠悠蓝
Vivo S50 5G(12+256)告白,vivo S50,vivo S50 全网通5G 12GB+256GB 告白,vivo S50 全网通5G 12GB+256GB 告白
Vivo S50 5G(12+256)深空黑,vivo S50,vivo S50 全网通5G 12GB+256GB 深空黑,vivo S50 全网通5G 12GB+256GB 深空黑
Vivo S50 5G(12+256)灵感紫,vivo S50,vivo S50 全网通5G 12GB+256GB 灵感紫,vivo S50 全网通5G 12GB+256GB 灵感紫
Vivo X FOLD5 5G(16+1T)青松,vivo X Fold5,vivo X Fold5 全网通5G 16GB+1TB 青松,vivo X Fold5 全网通5G 16GB+1TB 青松
VIVO WatchGT 软胶蓝牙版夏夜黑,vivo WATCH GT 真皮表带,vivo WATCH GT 真皮表带 黑色,vivo WATCH GT（WA2456C） 蓝牙版 夏夜黑 软胶
VIVO Watch5 蓝牙版辰夜黑,vivo WATCH 5 蓝牙版,vivo WATCH 5 蓝牙版 软胶 辰夜黑,vivo WATCH 5 蓝牙版 软胶 辰夜黑
VIVO WatchGT2 软胶蓝牙版原点黑,-,-,vivo WATCH GT 2 蓝牙版 原点黑
VIVO WatchGT2 软胶蓝牙版空白格,-,-,vivo WATCH GT 2 蓝牙版 空格白
Vivo X200Pro 5G(16+512)白月光,vivo X200 pro,vivo X200 pro 全网通5G 16GB+512GB  白月光,vivo X200 pro 全网通5G 16GB+512GB  白月光
Vivo X200Pro 5G(16+512)辰夜黑,vivo X200 pro,vivo X200 pro 全网通5G 16GB+512GB 辰夜黑,vivo X200 pro 全网通5G 16GB+512GB 辰夜黑
Vivo X200S 5G(12+512)简黑,vivo X200s保护壳,-,vivo X200s 全网通5G 12GB+512GB 简黑
Vivo X200Ultra 5G(16+512)黑ka,vivo X200 Ultra,vivo X200 Ultra 全网通5G 16GB+512GB 黑Ka,vivo X200 Ultra 全网通5G 16GB+512GB 黑Ka
Vivo X300 5G(12+512)自在蓝,vivo X300,vivo X300 全网通5G 12GB+512GB 自在蓝,vivo X300 全网通5G 12GB+512GB 自在蓝
Vivo X300 5G(12+512)纯粹黑,vivo X300,vivo X300 全网通5G 12GB+512GB 纯粹黑,vivo X300 全网通5G 12GB+512GB 纯粹黑
Vivo X300 5G(16+512)幸运彩,vivo X300,vivo X300 全网通5G 16GB+512GB 幸运彩,vivo X300 全网通5G 16GB+512GB 幸运彩
Vivo X300 5G(16+512)纯粹黑,vivo X300,vivo X300 全网通5G 16GB+512GB 纯粹黑,vivo X300 全网通5G 16GB+512GB 纯粹黑
Vivo X300 5G(16+512)惬意紫,vivo X300,vivo X300 全网通5G 16GB+512GB 惬意紫,vivo X300 全网通5G 16GB+512GB 惬意紫
Vivo X300 5G(16+512)自在蓝,vivo X300,vivo X300 全网通5G 16GB+512GB 自在蓝,vivo X300 全网通5G 16GB+512GB 自在蓝
Vivo X300Pro 5G(16+512)旷野棕,vivo X300 Pro,vivo X300 Pro 全网通5G 16GB+512GB 旷野棕,vivo X300 Pro 全网通5G 16GB+512GB 旷野棕
Vivo X300Pro 5G(16+512)自在蓝,vivo X300 Pro,vivo X300 Pro 全网通5G 16GB+512GB 自在蓝,vivo X300 Pro 全网通5G 16GB+512GB 自在蓝
OPPO WatchX2mini 42mm  4G(OWW242)皓月银,-,-,OPPO Watch X2 Mini 全智能手表 皓月银
OPPO WatchX2mini 42mm  4G(OWW242)明日金,-,-,OPPO Watch X2 Mini 全智能手表 明日金
OPPO WatchS(OWW262)竞速黑,-,-,OPPO Watch S 智能手表 竞速黑
OPPO K13Turbo 5G(12+512)骑士白,-,-,OPPO K13 Turbo 全网通5G版 12GB+512GB 骑士白
OPPO K13Turbo 5G(12+512)初号紫,-,-,OPPO K13 Turbo 全网通5G版 12GB+512GB 初号紫
OPPO K13Turbo 5G(12+512)黑武士,-,-,OPPO K13 Turbo 全网通5G版 12GB+512GB 黑武士
OPPO K13Turbo pro 5G(16+512)初号紫,-,-,OPPO K13 Turbo Pro 全网通5G版 16GB+512GB 初号紫
OPPO K13Turbo pro 5G(16+512)骑士银,-,-,OPPO K13 Turbo Pro 全网通5G版 16GB+512GB 骑士银
OPPO K13Turbo pro 5G(16+512)黑武士,-,-,OPPO K13 Turbo Pro 全网通5G版 16GB+512GB 黑武士
OPPO K13Turbo pro 5G(12+512)初号紫,-,-,OPPO K13 Turbo Pro 全网通5G版 12GB+512GB 初号紫
OPPO A5PRO (12+256)石英白,OPPO A5 Pro,OPPO A5 Pro 全网通5G版 12GB+256GB 石英白,OPPO A5 Pro 全网通5G版 12GB+256GB 石英白
OPPO A5活力版(12+256)玉石绿,OPPO A5,OPPO A5 全网通5G版 12GB+256GB 锆石黑,OPPO A5 活力版 全网通5G版 12GB+256GB 玉石绿
OPPO A5活力版(12+256)玛瑙粉,OPPO A5,OPPO A5 全网通5G版 12GB+256GB 晶钻粉,OPPO A5 活力版 全网通5G版 12GB+256GB 玛瑙粉
OPPO A5活力版(12+256)琥珀黑,OPPO A5,OPPO A5 全网通5G版 12GB+256GB 锆石黑,OPPO A5 活力版 全网通5G版 12GB+256GB 琥珀黑
OPPO A5活力版(12+512)玛瑙粉,OPPO A5,OPPO A5 全网通5G版 12GB+512GB 晶钻粉,OPPO A5 活力版 全网通5G版 12GB+512GB 玛瑙粉
OPPO A5活力版(12+512)玉石绿,OPPO A5,OPPO A5 全网通5G版 12GB+512GB 锆石黑,OPPO A5 活力版 全网通5G版 12GB+512GB 玉石绿
OPPO A5活力版(12+512)琥珀黑,OPPO A5,OPPO A5 全网通5G版 12GB+512GB 锆石黑,OPPO A5 活力版 全网通5G版 12GB+512GB 琥珀黑
OPPO A5x 5G(8+256)钻石白,OPPO A5x,OPPO A5x 全网通5G版 8GB+256GB 钻石白,OPPO A5X 全网通5G版 8GB+256GB 钻石白
红米15R 4+128星岩黑,檀木健发梳,-,红米 15R 全网通5G版 4GB+128GB 星岩黑
OPPO A5x 5G(8+256)水晶粉,OPPO A5x,OPPO A5x 全网通5G版 8GB+256GB 水晶粉,OPPO A5X 全网通5G版 8GB+256GB 水晶粉
OPPO A5x 5G(6+128)玄武黑,OPPO A5x,OPPO A5x 全网通5G版 6GB+128GB 玄武黑,OPPO A5X 全网通5G版 6GB+128GB 玄武黑
OPPO A5x 5G(6+128)钻石白,OPPO A5x,OPPO A5x 全网通5G版 6GB+128GB 钻石白,OPPO A5X 全网通5G版 6GB+128GB 钻石白
2026款华为MatePad鸿蒙 11.5全网通 (TXZ-AL10) 8+256深空灰,-,-,华为平板 MatePad 2026款 （TXZ-AL10）11.5英寸 全网通版 8GB+256GB 深空灰
OPPO A6Pro（16+256）青云平步,OPPO A6 Pro,OPPO A6 Pro 全网通5G版 16GB+256GB 青云平步,OPPO A6 Pro 全网通5G版 16GB+256GB 青云平步
OPPO A6Pro（16+256）流水生金,OPPO A6 Pro,OPPO A6 Pro 全网通5G版 16GB+256GB 流水生金,OPPO A6 Pro 全网通5G版 16GB+256GB 流水生金
OPPO A6Pro（16+256）墨玉黑,OPPO A6 Pro,OPPO A6 Pro 全网通5G版 16GB+256GB 墨玉黑,OPPO A6 Pro 全网通5G版 16GB+256GB 墨玉黑
OPPO A6Pro（16+512）青云平步,OPPO A6 Pro,OPPO A6 Pro 全网通5G版 16GB+512GB 青云平步,OPPO A6 Pro 全网通5G版 16GB+512GB 青云平步
OPPO A6Pro（16+512）墨玉黑,OPPO A6 Pro,OPPO A6 Pro 全网通5G版 16GB+512GB 墨玉黑,OPPO A6 Pro 全网通5G版 16GB+512GB 墨玉黑
OPPO A6Pro（16+512）流水生金,OPPO A6 Pro,OPPO A6 Pro 全网通5G版 16GB+512GB 流水生金,OPPO A6 Pro 全网通5G版 16GB+512GB 流水生金
OPPO A6（12+256）丝绒灰,OPPO A6,OPPO A6 全网通5G版 12GB+256GB 丝绒灰,OPPO A6 全网通5G版 12GB+256GB 丝绒灰
OPPO A6（12+256）蓝海浮光,OPPO A6,OPPO A6 全网通5G版 12GB+256GB 蓝海浮光,OPPO A6 全网通5G版 12GB+256GB 蓝海浮光
OPPO A6（12+256）粉梦生花,OPPO A6,OPPO A6 全网通5G版 12GB+256GB 粉梦生花,OPPO A6 全网通5G版 12GB+256GB 粉梦生花
OPPO A6（12+512）粉梦生花,OPPO A6,OPPO A6 全网通5G版 12GB+512GB 粉梦生花,OPPO A6 全网通5G版 12GB+512GB 粉梦生花
OPPO A6（12+512）蓝海浮光,OPPO A6,OPPO A6 全网通5G版 12GB+512GB 蓝海浮光,OPPO A6 全网通5G版 12GB+512GB 蓝海浮光
OPPO A6（12+512）丝绒灰,OPPO A6,OPPO A6 全网通5G版 12GB+512GB 丝绒灰,OPPO A6 全网通5G版 12GB+512GB 丝绒灰
OPPO Reno15pro 12＋512蜜糖金,OPPO Reno 15 Pro,OPPO Reno 15 Pro 全网通5G版 16GB+512GB 蜜糖金,OPPO Reno 15 Pro 全网通5G版 12GB+512GB 蜜糖金
OPPO Reno15pro 12＋512星光蝴蝶结,OPPO Reno 15 Pro,OPPO Reno 15 Pro 全网通5G版 16GB+512GB 星光蝴蝶结,OPPO Reno 15 Pro 全网通5G版 12GB+512GB 星光蝴蝶结
OPPO Reno15pro 12＋512可露丽棕,OPPO Reno 15 Pro,OPPO Reno 15 Pro 全网通5G版 16GB+512GB 可露丽棕,OPPO Reno 15 Pro 全网通5G版 12GB+512GB 可露丽棕
OPPO Reno15 16＋512极光蓝,-,-,OPPO Reno 15 全网通5G版 16GB+512GB 极光蓝
OPPO Reno15 16＋512可露丽棕,-,-,OPPO Reno 15 全网通5G版 16GB+512GB 可露丽棕
OPPO Reno15 16＋512星光蝴蝶结,-,-,OPPO Reno 15 全网通5G版 16GB+512GB 星光蝴蝶结
OPPO Reno15 16＋256极光蓝,-,-,OPPO Reno 15 全网通5G版 16GB+256GB 极光蓝
OPPO Reno15 16＋256可露丽棕,-,-,OPPO Reno 15 全网通5G版 16GB+256GB 可露丽棕
OPPO Reno15 16＋256星光蝴蝶结,-,-,OPPO Reno 15 全网通5G版 16GB+256GB 星光蝴蝶结
OPPO Reno15 16＋1T可露丽棕,-,-,OPPO Reno 15 全网通5G版 16GB+1TB 可露丽棕
OPPO Reno15 16＋1T星光蝴蝶结,-,-,OPPO Reno 15 全网通5G版 16GB+1TB 星光蝴蝶结
OPPO Reno15pro 16＋512星光蝴蝶结,OPPO Reno 15 Pro,OPPO Reno 15 Pro 全网通5G版 16GB+512GB 星光蝴蝶结,OPPO Reno 15 Pro 全网通5G版 16GB+512GB 星光蝴蝶结
OPPO Reno15pro 16＋512蜜糖金,OPPO Reno 15 Pro,OPPO Reno 15 Pro 全网通5G版 16GB+512GB 蜜糖金,OPPO Reno 15 Pro 全网通5G版 16GB+512GB 蜜糖金
华为 Watch十周年款  RTS-AL00 46mm蓝色素皮复合表带演示机蓝色,-,-,华为 WATCH 十周年款 智能手表 46mm 钛合金 蓝色素皮复合表带
华为Watch 十周年款 46mm 蓝色素皮复合表带蓝色,-,-,华为 WATCH 十周年款 智能手表 46mm 钛合金 蓝色素皮复合表带
华为WatchGT6 41mm （KSU-B19）蓝色氟橡胶表带演示机冰雪蓝,优诺严选 华为 Watch GT6高清钢化手表膜,-,华为 WATCH GT 6 智能手表 41mm 冰雪蓝 氟橡胶表带
华为Nova15pro 昆仑玻璃12+256(KLE-AL00U)演示机带感绿,-,-,华为 nova 15 Pro 全网通 256GB 昆仑玻璃 带感绿
华为Nova15pro 昆仑玻璃12+256(KLE-AL00U)演示机好搭紫,-,-,华为 nova 15 Pro 全网通 256GB 昆仑玻璃 好搭紫
华为Nova15pro 昆仑玻璃12+256(KLE-AL00U)演示机零度白,-,-,华为 nova 15 Pro 全网通 256GB 昆仑玻璃 零度白
OPPO Find N5 5G(16+512)缎黑,OPPO Find N5,OPPO Find N5 全网通5G版 16GB+512GB 缎黑,OPPO Find N5 全网通5G版 16GB+512GB 缎黑
OPPO PadSE柔光版 8+256 WiFi版星光银,-,-,OPPO Pad SE 11英寸 柔光版 WiFi版 8GB+256GB 星光银
OPPO PadSE柔光版 8+256 WiFi版夜幕蓝,-,-,OPPO Pad SE 11英寸 柔光版 WiFi版 8GB+256GB 夜幕蓝
OPPO Pad5 柔光版8+256 WiFi版幸运紫,赠品 OPPO Pad 5 孙颍莎定制限定立牌,赠品 OPPO Pad 5 孙颍莎定制限定立牌 紫色,OPPO Pad 5 12.1英寸 柔光版 WIFI版 8GB+256GB 幸运紫
OPPO Pad4Pro 16+512 WiFi版深空灰,-,-,OPPO Pad 4 Pro 2025款 13.2英寸 WiFi版 16GB+512GB 深空灰
OPPO Find X8S（16+512)星野黑,OPPO Find X8s 光彩磁吸保护壳,-,OPPO Find X8s 全网通5G版 16GB+512GB 星野黑
OPPO Find X8S+（16+512)星野黑,OPPO Find X8s 光彩磁吸保护壳,-,OPPO Find X8s+ 全网通5G版 16GB+512GB 星野黑
OPPO Find X8S+（16+512)月光白,OPPO Find X8s 光彩磁吸保护壳,-,OPPO Find X8s+ 全网通5G版 16GB+512GB 月光白
OPPO FindX9 16+512绒光钛,-,-,OPPO Find X9 全网通5G版 16GB+512GB 绒光钛
OPPO FindX9 16+512追光红,-,-,OPPO Find X9 全网通5G版 16GB+512GB 追光红
OPPO FindX9 16+512雾黑,-,-,OPPO Find X9 全网通5G版 16GB+512GB 雾黑
OPPO FindX9 16+512霜白,-,-,OPPO Find X9 全网通5G版 16GB+512GB 霜白
OPPO FindX9PRO 16+512追光红,-,-,OPPO Find X9 Pro 全网通5G版 16GB+512GB 追光红
OPPO FindX9PRO 16+512绒砂钛,-,-,OPPO Find X9 Pro 全网通5G版 16GB+512GB 绒砂钛
OPPO FindX9PRO 16+512霜白,-,-,OPPO Find X9 Pro 全网通5G版 16GB+512GB 霜白
OPPO FindX9 16+256绒光钛,-,-,OPPO Find X9 全网通5G版 16GB+256GB 绒光钛
OPPO FindX9 16+256霜白,-,-,OPPO Find X9 全网通5G版 16GB+256GB 霜白
OPPO FindX9 12+512追光红,-,-,OPPO Find X9 全网通5G版 12GB+512GB 追光红
OPPO FindX9 12+512雾黑,-,-,OPPO Find X9 全网通5G版 12GB+512GB 雾黑
OPPO FindX9 12+512霜白,-,-,OPPO Find X9 全网通5G版 12GB+512GB 霜白
OPPO FindX9 12+512绒光钛,-,-,OPPO Find X9 全网通5G版 12GB+512GB 绒光钛
华为Watch FIT3真皮表带 (SLO-B19)珍珠白,-,-,华为 WATCH FIT 3 智能手表 真皮表带 珍珠白
华为Watch FIT4氟橡胶表带 (SYA-B19)韵律黑,-,-,华为 WATCH FIT 4 智能手表  氟橡胶表带 韵律黑
华为Watch FIT4氟橡胶表带 (SYA-B19)风信紫,-,-,华为 WATCH FIT 4 智能手表  氟橡胶表带 风信紫
华为Watch FIT4氟橡胶表带 (SYA-B19)悦动白,-,-,华为 WATCH FIT 4 智能手表  氟橡胶表带 悦动白
华为Watch FIT4编织表带 (SYA-B19)幻影银,-,-,华为 WATCH FIT 4 智能手表  编织表带 幻影银
华为Watch FIT4Pro编织表带 (SYA-B29)原野绿,-,-,华为 WATCH FIT 4 Pro 智能手表 编织表带 原野绿
华为Watch FIT4Pro氟橡胶表带 (SYA-B29)海岛蓝,-,-,华为 WATCH FIT 4 Pro 智能手表 氟橡胶表带 海岛蓝
华为Watch FIT4Pro氟橡胶表带 (SYA-B29)曜石黑,-,-,华为 WATCH FIT 4 Pro 智能手表 氟橡胶表带 曜石黑
华为手环B7 运动版氟胶表带（FDS-B49）曜金黑,-,-,华为 手环 B7 运动款 曜金黑氟橡胶表带
华为手环10(NOR-B29)铝合金表壳标准版冰川白,-,-,华为手环 10 标准版 冰川白 氟橡胶表带
华为手环10(NOR-B29)铝合金表壳标准版羽砂黑,-,-,华为手环 10 标准版 羽砂黑 氟橡胶表带
华为手环10(NOR-B29)铝合金表壳标准版流光紫,-,-,华为手环 10 标准版 流光紫 氟橡胶表带
华为手环10(NOR-B19)聚合纤维表壳标准版曜石黑,-,-,华为手环 10 标准版 曜石黑 氟橡胶表带
华为手环10(NOR-B19)聚合纤维表壳标准版拂晓粉,-,-,华为手环 10 标准版 拂晓粉 氟橡胶表带
华为手环10(NOR-B19)聚合纤维表壳标准版冰川白,-,-,华为手环 10 标准版 冰川白 氟橡胶表带
华为Nova15 12+256(PSN-AL00)演示机带感绿,-,-,华为 nova 15 全网通 256GB 带感绿
华为手环10(NOR-B39)铝合金表壳NFC版羽砂黑,-,-,华为手环 10 NFC版 曜石黑 氟橡胶表带
华为儿童通话手表5X（ALA-AL10）星际蓝,-,-,华为 儿童手表 5X (ALA-AL10) 星际蓝
华为儿童通话手表5X（ALA-AL10）星云粉,-,-,华为 儿童手表 5X (ALA-AL10) 星云粉
华为儿童通话手表5XPro（AHP-AL10）幻夜黑,-,-,华为 儿童手表 5X Pro (AHP-AL10) 幻夜黑
华为儿童通话手表5（KTY-L10）仲夏紫,-,-,华为 儿童手表 5 仲夏紫
华为儿童通话手表5（KTY-L10）原野绿,-,-,华为 儿童手表 5 原野绿
华为儿童通话手表5Pro（TGR-L10）冰晶蓝,-,-,华为 儿童手表 5 Pro（TGR-L10）  蓝色硅胶表带 冰晶蓝
华为儿童通话手表5Pro（TGR-L10）冰晶粉,-,-,华为 儿童手表 5 Pro（TGR-L10）  粉色硅胶表带 冰晶粉
华为儿童通话手表5Pro（TGR-L10）赤焰红,-,-,华为 儿童手表 5 Pro（TGR-L10）  感光炫彩版红色硅胶表带 赤焰红
华为儿童通话手表5Pro（TGR-L10）原野绿,-,-,华为 儿童手表 5 Pro（TGR-L10）  绿色编织表带 原野绿
华为儿童通话手表5Pro（TGR-L10）仲夏紫,-,-,华为 儿童手表 5 Pro（TGR-L10）  紫色编织表带 仲夏紫
华为WatchGT5 46mm （VLI-B19）蓝色复合编织表带托帕蓝,-,-,华为 WATCH GT 5 智能手表 46mm 托帕蓝 复合编织表带
华为WatchGT5pro 42mm （JNA-B29）白色氟橡胶表带冰川白,-,-,华为 WATCH GT 5 Pro 智能手表 42mm 冰川白 氟橡胶表带
华为WatchGT5pro 46mm （VLI-B29）钛金属表带钛空银,-,-,华为 WATCH GT 5 Pro 智能手表 46mm 太空银 钛金属表带
华为WatchGT5pro 46mm （VLI-B29）钛金属表带钛金属,-,-,华为 WATCH GT 5 Pro 智能手表 46mm 太空银 钛金属表带
华为WatchGT5pro 42mm （JNA-B29）白色陶瓷表带陶瓷白,-,-,华为 WATCH GT 5 Pro 智能手表 42mm 陶瓷白 陶瓷表带
华为WatchGT5 41mm （JNA-B19）棕色复合编织表带马鞍棕,-,-,华为 WATCH GT 5 智能手表 41mm 马鞍棕 复合编织表带
华为Watch Ultimate2（MCH-AL00）(黑色氟橡胶表带）苍穹黑,-,-,华为 Watch Ultimate 2 智能手表 苍穹黑 黑色氟橡胶表带
华为Nova15 12+256(PSN-AL00)演示机好搭紫,-,-,华为 nova 15 全网通 256GB 好搭紫
Watch5 RTS-AL00 46mm 木星棕 素皮复合表带棕色,Xiaomi Watch 5 智能手表,Xiaomi Watch 5 智能手表 金棕色真皮表带款,华为 WATCH 5 智能手表 46mm 钛合金 木星棕 素皮复合表带
Watch5 RTS-AL00 46mm 苍穹黑 氟橡胶表带黑色,Xiaomi Watch 5 智能手表,-,华为 WATCH 5 智能手表 46mm 不锈钢 苍穹黑 氟橡胶表带
华为Nova15 12+256(PSN-AL00)演示机零度白,-,-,华为 nova 15 全网通 256GB 零度白
Watch5 RTS-AL00 46mm 太空银 钛金属表带钛金属,Xiaomi Watch 5 智能手表,Xiaomi Watch 5 智能手表 金棕色真皮表带款,华为 WATCH 5 智能手表 46mm 钛合金 钛空银 钛金属表带
Watch5 SOC-AL00 42mm 幻月黑 氟橡胶表带黑色,Xiaomi Watch 5 智能手表,-,华为 WATCH 5 智能手表 42mm 不锈钢 幻月黑 氟橡胶表带
Watch5 SOC-AL00 42mm 星云杏 素皮复合表带杏色,Xiaomi Watch 5 智能手表,-,华为 WATCH 5 智能手表 42mm 904L不锈钢 星云杏 素皮复合表带
Watch5 SOC-AL00 42mm 金星白 素皮复合表带白色,Xiaomi Watch 5 智能手表,-,华为 WATCH 5 智能手表 42mm 不锈钢 金星白 素皮复合表带
Watch5 RTS-AL00 46mm 银河紫 素皮复合表带紫色,Xiaomi Watch 5 智能手表,-,华为 WATCH 5 智能手表 46mm 钛合金 银河紫 素皮复合表带
Watch5 SOC-AL00 42mm 极光绿 氟橡胶表带绿色,Xiaomi Watch 5 智能手表,Xiaomi Watch 5 智能手表 卡其绿氟胶表带款,华为 WATCH 5 智能手表 42mm 不锈钢 极光绿 氟橡胶表带
Watch5 RTS-AL00 46mm 星河蓝 素皮复合表带蓝色,Xiaomi Watch 5 智能手表,Xiaomi Watch 5 智能手表 柔雾蓝真皮表带款,华为 WATCH 5 智能手表 46mm 不锈钢 星河蓝 素皮复合表带
华为Nova15 12+256(PSN-AL00)演示机幻夜黑,-,-,华为 nova 15 全网通 256GB 幻夜黑
华为WatchGT6 46mm （ATM-B19）黑色氟橡胶表带雅丹黑,优诺严选 华为 Watch GT6高清钢化手表膜,-,华为 WATCH GT 6 智能手表 46mm 雅丹黑 氟橡胶表带
华为WatchGT6 41mm （KSU-B19）紫色氟橡胶表带流光紫,优诺严选 华为 Watch GT6高清钢化手表膜,-,华为 WATCH GT 6 智能手表 41mm 流光紫 氟橡胶表带
华为WatchGT6 41mm （KSU-B19）白色复合素皮表带浮光白,优诺严选 华为 Watch GT6高清钢化手表膜,-,华为 WATCH GT 6 智能手表 41mm 浮光白 复合素皮表带
华为WatchGT6Pro 46mm （ATM-B29）黑色氟橡胶表带曜石黑,-,-,华为 WATCH GT 6 Pro 智能手表 46mm 曜石黑 黑色氟橡胶表带
华为Nova15Ultra 昆仑玻璃12+256(SLY-AL00)演示机零度白,-,-,华为 nova 15 Ultra 全网通 256GB 昆仑玻璃 零度白
华为WatchGT6 41mm （KSU-B19）黑色氟橡胶表带魅影黑,优诺严选 华为 Watch GT6高清钢化手表膜,-,华为 WATCH GT 6 智能手表 41mm 魅影黑 氟橡胶表带
华为WatchGT6 46mm （ATM-B19）灰色复合素皮表带冰川灰,优诺严选 华为 Watch GT6高清钢化手表膜,-,华为 WATCH GT 6 智能手表 46mm 冰川灰 复合素皮表带
华为WatchGT6 46mm （ATM-B19）绿色复合素皮表带原野绿,优诺严选 华为 Watch GT6高清钢化手表膜,-,华为 WATCH GT 6 智能手表 46mm 原野绿 复合编织表带
华为WatchGT6Pro 46mm （ATM-B29）棕色复合编织表带琥珀棕,-,-,华为 WATCH GT 6 Pro 智能手表 46mm 琥珀棕 棕色复合编织表带
华为Nova15Ultra 昆仑玻璃12+256(SLY-AL00)演示机幻夜黑,-,-,华为 nova 15 Ultra 全网通 256GB 昆仑玻璃 幻夜黑
2024款华为MatePad Pro 11寸(XYAO-W00)12+512雅川青,品牌 华为 MatePad Pro 11英寸 钢化保护膜,-,华为平板 MatePad Pro （XYAO-W00）11英寸 2024款 WiFi版 12GB+512GB 雅川青
2024款华为MatePad Pro 12.2寸柔光版(MRO-W00)12+256流金,品牌 华为 MatePad Pro 11英寸 钢化保护膜,-,华为平板 MatePad Pro 2024款（MRO-W00/MRO-W10） 12.2英寸 柔光版 wifi版 12GB+256GB 流金
2024款华为MatePad Pro 12.2寸柔光版(MRO-W00)12+256宣白,品牌 华为 MatePad Pro 11英寸 钢化保护膜,-,华为平板 MatePad Pro 2024款（MRO-W00/MRO-W10） 12.2英寸 柔光版 wifi版 12GB+256GB 宣白
2024款华为MatePad Pro 12.2寸柔光版(MRO-W00)12+256砚黑,品牌 华为 MatePad Pro 11英寸 钢化保护膜,-,华为平板 MatePad Pro 2024款（MRO-W00/MRO-W10） 12.2英寸 柔光版 wifi版 12GB+256GB 砚黑
2024款华为MatePad Pro 12.2寸 (MRO-W00)12+512砚黑,品牌 华为 MatePad Pro 11英寸 钢化保护膜,-,华为平板 MatePad Pro 2024款 （MRO-W00）12.2英寸 wifi版 12GB+512GB 砚黑
2024款华为MatePad Pro 12.2寸 (MRO-W00)12+512宣白,品牌 华为 MatePad Pro 11英寸 钢化保护膜,-,华为平板 MatePad Pro 2024款 （MRO-W00）12.2英寸 wifi版 12GB+512GB 宣白
2024款华为MatePad Pro 12.2寸 (MRO-W00)12+512砚黒,檀木健发梳,-,华为平板 MatePad Pro 2024款 （MRO-W00）12.2英寸 wifi版 12GB+512GB 砚黑
2024款华为MatePad Pro 12.2寸柔光版(MRO-W00)12+512宣白,品牌 华为 MatePad Pro 11英寸 钢化保护膜,-,华为平板 MatePad Pro 2024款（MRO-W00/MRO-W10） 12.2英寸 柔光版 wifi版 12GB+512GB 宣白
2024款华为MatePad Pro 12.2寸柔光版(MRO-W00)12+512流金,品牌 华为 MatePad Pro 11英寸 钢化保护膜,-,华为平板 MatePad Pro 2024款（MRO-W00/MRO-W10） 12.2英寸 柔光版 wifi版 12GB+512GB 流金
2024款华为MatePad Pro 12.2寸柔光版(MRO-W00)16+1T砚黑,品牌 华为 MatePad Pro 11英寸 钢化保护膜,-,华为平板 MatePad Pro 2024款（MRO-W00/MRO-W10） 12.2英寸 柔光版 wifi版 16GB+1TB 砚黑
2024款华为MatePad Pro 12.2寸柔光版(MRO-W00)16+1T流金,品牌 华为 MatePad Pro 11英寸 钢化保护膜,-,华为平板 MatePad Pro 2024款（MRO-W00/MRO-W10） 12.2英寸 柔光版 wifi版 16GB+1TB 流金
2024款华为MatePad SE 11英寸 (AGS6-W00)8+256星海蓝,华为平板 MatePad SE （AGS6-W00）11英寸,华为平板 MatePad SE （AGS6-W00）11英寸 WIFI版 8GB+256GB 星海蓝,华为平板 MatePad SE （AGS6-W00）11英寸 WIFI版 8GB+256GB 星海蓝
2024款华为MatePad SE 11英寸 (AGS6-W00)8+256星云灰,华为平板 MatePad SE （AGS6-W00）11英寸,华为平板 MatePad SE （AGS6-W00）11英寸 WIFI版 8GB+256GB 星海蓝,华为平板 MatePad SE （AGS6-W00）11英寸 WIFI版 8GB+256GB 星云灰
2024款华为MatePad SE 11英寸 (AGS6-W00)8+128星云灰,华为平板 MatePad SE （AGS6-W00）11英寸,华为平板 MatePad SE （AGS6-W00）11英寸 WIFI版 8GB+128GB 星海蓝,华为平板 MatePad SE （AGS6-W00）11英寸 WIFI版 8GB+128GB 星云灰
2024款华为MatePad 11.5柔光版(BTKR-W00)8+256深空灰,-,-,华为平板 MatePad 2024款 柔光版（BTKR-W00）11.5英寸 WiFi版 8GB+256GB 深空灰
2024款华为MatePad 11.5(BTKR-W00)8+256深空灰,-,-,华为平板 MatePad 2024款（BTKR-W00）11.5英寸 WiFi版 8GB+256GB 深空灰
2024款华为MatePad 11.5柔光版(BTKR-W00)8+128海岛蓝,-,-,华为平板 MatePad 2024款 柔光版（BTKR-W00）11.5英寸 WiFi版 8GB+128GB 海岛蓝
2024款华为MatePad 11.5柔光版(BTKR-W00)8+128冰霜银,-,-,华为平板 MatePad 2024款 柔光版（BTKR-W00）11.5英寸 WiFi版 8GB+128GB 冰霜银
2024款华为MatePad 11.5柔光版(BTKR-W00)8+128深空灰,-,-,华为平板 MatePad 2024款 柔光版（BTKR-W00）11.5英寸 WiFi版 8GB+128GB 深空灰
2024款华为MatePad 11.5S柔光版(TGR-W10)12+256手写笔套装版深空灰,-,-,华为平板 MatePad 2024款（TGR-W10）11.5S 柔光版 WIFI版 12GB+256GB 套装版 深空灰
2023款华为MatePad 11.5柔光版(BTK-W00)8+128冰霜银,-,-,华为平板 MatePad 2023款 柔光版（BTK-W00） 11.5英寸 WIFI版本 8GB+128GB 冰霜银
2023款华为MatePad 11.5柔光版(BTK-W00)8+128海岛蓝,-,-,华为平板 MatePad 2023款 柔光版（BTK-W00） 11.5英寸 WIFI版本 8GB+128GB 海岛蓝
2025款华为MatePad Pro13.2(WEB-W00)12+512宣白,-,-,华为平板 MatePad Pro 2025款13.2英寸 标准版 WiFi版 12GB+512GB 宣白
2025款华为MatePadAir鸿蒙 柔光版(LRT-W30)12+256羽砂白,-,-,华为平板 MatePad Air（ LRT -W30） 2025款 12英寸 柔光版 WIFI版 12GB+256GB 羽砂白
2025款华为MatePadAir鸿蒙 柔光版(LRT-W30)12+256樱语粉,-,-,华为平板 MatePad Air（ LRT -W30） 2025款 12英寸 柔光版 WIFI版 12GB+256GB 樱语粉
2025款华为MatePadAir鸿蒙 柔光版(LRT-W30)12+256羽纱白,-,-,华为平板 MatePad Air（ LRT -W30） 2025款 12英寸 柔光版 WIFI版 12GB+256GB 羽砂白
2025款华为MatePadAir鸿蒙 柔光版(LRT-W30)12+256草木绿,-,-,华为平板 MatePad Air（ LRT -W30） 2025款 12英寸 柔光版 WIFI版 12GB+256GB 草木绿
2025款华为MatePadAir鸿蒙 柔光版(LRT-W30)12+256烟云灰,-,-,华为平板 MatePad Air（ LRT -W30） 2025款 12英寸 柔光版 WIFI版 12GB+256GB 烟云灰
2025款华为MatePadAir鸿蒙 (LRT-W20)12+256烟云灰,-,-,华为平板 MatePad Air（ LRT -W20） 2025款 12英寸 WIFI版 12GB+256GB 烟云灰
2025款华为MatePadAir鸿蒙 (LRT-W20)12+512羽砂白,-,-,华为平板 MatePad Air（ LRT -W20） 2025款 12英寸 WIFI版 12GB+512GB) 羽砂白
2025款华为MatePadAir鸿蒙 (LRT-W20)12+512烟云灰,-,-,华为平板 MatePad Air（ LRT -W20） 2025款 12英寸 WIFI版 12GB+512GB) 烟云灰
2025款华为MatePadAir鸿蒙 柔光版(LRT-W30)12+512羽砂白,-,-,华为平板 MatePad Air（ LRT -W30） 2025款 12英寸 柔光版 WIFI版 12GB+512GB 羽砂白
2025款华为MatePadAir鸿蒙 柔光版(LRT-W30)12+512烟云灰,-,-,华为平板 MatePad Air（ LRT -W30） 2025款 12英寸 柔光版 WIFI版 12GB+512GB 烟云灰
2025款华为matepad鸿蒙 柔光板 11.5S (SLG-W10）12+256原野绿,-,-,华为平板 MatePad 2025款 11.5S（SLG-W10） 柔光版 WIFI版 12GB+256GB 原野绿
2025款华为matepad鸿蒙 柔光板 11.5S (SLG-W10）12+256深空灰,-,-,华为平板 MatePad 2025款 11.5S（SLG-W10） 柔光版 WIFI版 12GB+256GB 深空灰
2025款华为matepad鸿蒙 柔光板 11.5S (SLG-W10）12+256羽砂紫,-,-,华为平板 MatePad 2025款 11.5S（SLG-W10） 柔光版 WIFI版 12GB+256GB 羽砂紫
2025款华为matepad鸿蒙 柔光板 11.5S (SLG-W10）12+256冰霜银,-,-,华为平板 MatePad 2025款 11.5S（SLG-W10） 柔光版 WIFI版 12GB+256GB 冰霜银
2025款华为matepad鸿蒙 柔光板 11.5S (SLG-W10）12+512深空灰,-,-,华为平板 MatePad 2025款 11.5S（SLG-W10） 柔光版 WIFI版 12GB+512GB 深空灰
2025款华为matepad Mini鸿蒙(MLR-AL10）12+512云杉绿,-,-,华为平板 MatePad Mini（MLR-AL10） 8.8英寸 全网通 12GB+512GB 云杉绿
2025款华为matepad Mini鸿蒙(MLR-AL10）12+512雪域白,-,-,华为平板 MatePad Mini（MLR-AL10） 8.8英寸 全网通 12GB+512GB 雪域白
2025款华为matepad Mini鸿蒙(MLR-AL10）12+256曜石黑,-,-,华为平板 MatePad Mini（MLR-AL10） 8.8英寸 全网通 12GB+256GB 曜石黑
2025款华为matepad Mini鸿蒙(MLR-AL10）12+256雪域白,-,-,华为平板 MatePad Mini（MLR-AL10） 8.8英寸 全网通 12GB+256GB 雪域白
2025款华为matepad Mini悦读版鸿蒙(MLR-AL00）12+256雪域白,-,-,华为平板 MatePad Mini（MLR-AL00） 8.8英寸 悦读版 全网通 12GB+256GB 雪域白
2025款华为matepad Mini悦读版鸿蒙(MLR-AL00）12+256曜石黑,-,-,华为平板 MatePad Mini（MLR-AL00） 8.8英寸 悦读版 全网通 12GB+256GB 曜石黑
2025款华为matepad Mini悦读版鸿蒙柔光版(MLR-AL00）12+256雪域白,-,-,华为平板 MatePad Mini（MLR-AL00） 8.8英寸 悦读版 全网通 12GB+256GB云晰柔光屏 雪域白
2025款华为matepad Mini悦读版鸿蒙柔光版(MLR-AL00）12+256曜石黑,-,-,华为平板 MatePad Mini（MLR-AL00） 8.8英寸 悦读版 全网通 12GB+256GB云晰柔光屏 曜石黑
2025款华为MatePad鸿蒙 11.5S 活力版(SLG-W10)8+256深空灰,-,-,华为平板 MatePad 2025款 11.5S （SLG-W10）活力版 WIFI版 8GB+256GB 深空灰
2025款华为MatePad鸿蒙 11.5S 活力版(SLG-W10)12+256冰霜银,-,-,华为平板 MatePad 2025款 11.5S （SLG-W10）活力版 WIFI版 12GB+256GB 冰霜银
2025款华为MatePad鸿蒙 11.5S 活力版(SLG-W10)12+256深空灰,-,-,华为平板 MatePad 2025款 11.5S （SLG-W10）活力版 WIFI版 12GB+256GB 深空灰
2025款华为MatePad鸿蒙 11.5S 活力版(SLG-W10)12+256羽砂紫,-,-,华为平板 MatePad 2025款 11.5S （SLG-W10）活力版 WIFI版 12GB+256GB 羽砂紫
华为Nova15Ultra 昆仑玻璃12+256(SLY-AL00)演示机带感绿,-,-,华为 nova 15 Ultra 全网通 256GB 昆仑玻璃 带感绿
苹果17（A3521)256G白色,-,-,iPhone 17 全网通5G 256GB 白色
OPPO A5x 5G(6+128)水晶粉,OPPO A5x,OPPO A5x 全网通5G版 6GB+128GB 水晶粉,OPPO A5x 全网通5G版 6GB+128GB 水晶粉
OPPO A5x 5G(8+256)玄武黑,OPPO A5x,OPPO A5x 全网通5G版 8GB+256GB 玄武黑,OPPO A5x 全网通5G版 8GB+256GB 玄武黑
OPPO Reno15c 12＋256极光蓝,-,-,OPPO Reno 15c 全网通5G版 12GB+256GB 极光蓝
OPPO Reno15c 12＋256星光蝴蝶结,-,-,OPPO Reno 15c 全网通5G版 12GB+256GB 星光蝴蝶结
OPPO Reno15c 12＋256学院蓝,-,-,OPPO Reno 15c 全网通5G版 12GB+256GB 学院蓝
2025款华为MatePad Pro12.2鸿蒙(MRDI-W00)12G+256G飞天青,-,-,华为平板 MatePad Pro 2025款（MRDI-W00） 12.2英寸 WIFI版 12GB+256GB 飞天青
2025款华为MatePad Pro12.2鸿蒙(MRDI-W00)12G+256G砚黑,-,-,华为平板 MatePad Pro 2025款（MRDI-W00） 12.2英寸 WIFI版 12GB+256GB 砚黑
2025款华为MatePad Pro12.2鸿蒙(MRDI-W00)12G+512G宣白,-,-,华为平板 MatePad Pro 2025款（MRDI-W00） 12.2英寸 WIFI版 12GB+512GB 宣白
2025款华为MatePad Pro12.2鸿蒙(MRDI-W00)12G+512G砚黑,-,-,华为平板 MatePad Pro 2025款（MRDI-W00） 12.2英寸 WIFI版 12GB+512GB 砚黑
2025款华为MatePad Pro12.2鸿蒙(MRDI-W00)12G+512G飞天青,-,-,华为平板 MatePad Pro 2025款（MRDI-W00） 12.2英寸 WIFI版 12GB+512GB 飞天青
2025款华为MatePad Pro12.2鸿蒙柔光版(MRDI-W10)12G+512G砚黑,-,-,华为平板 MatePad Pro 2025款 12.2英寸（MRDI-W10） 柔光版 WIFI版 12GB+512GB 砚黑
2025款华为MatePad Pro12.2鸿蒙柔光版(MRDI-W10)12G+512G宣白,-,-,华为平板 MatePad Pro 2025款 12.2英寸（MRDI-W10） 柔光版 WIFI版 12GB+512GB 宣白
2023款华为MateBook14(KLVG-16) i5-1340P(16+1T) 13代 锐炬Xe触屏深空灰,-,-,华为 MateBook 14 2023款 13代酷睿版 14英寸 i5-1340P 16GB+1TB 深空灰
2025款华为MateBook14(FLMH-16) InteUltra5-125H(16+1T) Linux深空灰,-,-,华为 MateBook 14 2025款 Linux版  14英寸 Ultra 5-125H 16G 1TB固态 集显 触屏版 深空灰
2025款华为MateBook14(FLMH-16) InteUltra5-125H(16+1T) Linux原野绿,-,-,华为 MateBook 14 2025款 Linux版  14英寸 Ultra 5-125H 16G 1TB固态 集显 触屏版 原野绿
2025款华为MateBook14(FLMH-16) InteUltra5-125H(16+1T) Linux皓月银,-,-,华为 MateBook 14 2025款 Linux版  14英寸 Ultra 5-125H 16G 1TB固态 集显 触屏版 皓月银
2025款华为MateBook14(FLMH-32) InteUltra5-125H(32+1T) Linux原野绿,-,-,华为 MateBook 14 2025款 Linux版  14英寸 Ultra 5-125H 32G 1TB固态 集显 触屏版 原野绿
OPPO Reno15c 12＋512极光蓝,-,-,OPPO Reno 15c 全网通5G版 12GB+512GB 极光蓝
2025款华为MateBook14(FLMH-32) InteUltra7-155H(32+1T) Linux深空灰,-,-,华为 MateBook 14 2025款 Linux版  14英寸 Ultra 7-155H 32G 1TB固态 集显 触屏版 深空灰
2025款华为MateBookXpro微绒典藏(VGHH-32)IntelUltra7 155H 32+1T Linux触屏晴蓝,-,-,华为 MateBook X Pro 2025款 Linux版 Ultra 7 155H 32G 1TB固态 触屏版 [VGHH-32] 晴蓝
2023款华为MateBookD14(MDG-16)Intel 13代  i5-1340P(16+512)Xe皓月银,-,-,华为 MateBook D 14 2023款 酷睿版 14英寸 i5-1340P 16GB+512GB 皓月银
2023款华为MateBookD14(MDG-16)Intel 13代  i7-1360P(16+1T)Xe皓月银,-,-,华为 MateBook D 14 2023款 酷睿版 14英寸 i7-1360P 16GB+1T 皓月银
2024款华为MateBookD14(MDG-32)Intel 13代  i5-13420H(16+1T)UHD深空灰,-,-,华为 MateBook D 14 2024款 酷睿版 14英寸 i5-13420H 16GB+1TB 深空灰
2025款华为MateBookD14(MDG-16)Intel 13代  i5-13420H(16+1T)UHD Linux版皓月银,-,-,华为 MateBook D 14 13代酷睿Linux版 14英寸 i5-13420H 16G 1TB固态 集显 皓月银
2025款华为MateBookD14(MDG-16)Intel 13代  i5-13420H(16+1T)UHD Linux版深空灰,-,-,华为 MateBook D 14 13代酷睿Linux版 14英寸 i5-13420H 16G 1TB固态 集显 深空灰
华为MATEBOOK擎云G540 GEN2-065 i5-1340P 16+1T深空灰,-,-,华为擎云 G540 Gen2 i5-1340P 16 1T 固态 集显 深空灰
2025款华为MateBookD16高能版 MCLG-16 i5-13500H(16+1T) Linux皓月银,-,-,华为 MateBook D 16 2025款 Linux版 16英寸 i5-13500H 16G 1TB固态 集显 高能版 皓月银
2022款华为MateBook16S CREF-16 i7-12700H(16+512)12代酷睿 锐炬XE触屏皓月银,-,-,华为 MateBook 16s 12代酷睿版 16英寸 Intel i7 16GB+512GB 皓月银
2022款华为MateBook16S CREF-16 i7-12700H(16+512)12代酷睿 锐炬XE触屏深空灰,-,-,华为 MateBook 16s 12代酷睿版 16英寸 Intel i7 16GB+512GB 深空灰
2025款华为MateBookGT14(ENZH-32) InteUltra5-125H(32+1T) Linux深空灰,-,-,华为 MateBook GT 14 2025款  Linux版 14.2英寸  Ultra 5-125H 32G 1TB固态 触屏版 深空灰
2025款华为MateBookGT14(ENZH-16) InteUltra5-125H(16+1T) Linux深空灰,-,-,华为 MateBook GT 14 2025款  Linux版 14.2英寸  Ultra 5-125H 16G 1TB固态 触屏版 深空灰
2025款华为MateBookGT14(ENZH-16) InteUltra5-125H(16+1T) Linux皓月银,-,-,华为 MateBook GT 14 2025款  Linux版 14.2英寸  Ultra 5-125H 16G 1TB固态 触屏版 皓月银
Hi MateBook D16 NICG-16(Intel Iris Xe-13500H Intel i5 Win11 16GB+1TB)深空灰,-,-,华为智选 Hi MateBook D 16 2024款 16英寸 i5-13500H 16GB 1TB集显 深空灰
Hi MateBook D16 NICG-16(Intel Iris Xe-13500H Intel i5 Win11 16GB+1TB)皓月银,-,-,华为智选 Hi MateBook D 16 2024款 16英寸 i5-13500H 16GB 1TB集显 皓月银
Hi MateBook D16 NICI-16(IntelCore5-210H Win11 16GB+1TB)皓月银,-,-,华为智选 Hi MateBook D 16 2025款  16英寸 酷睿5 210H 16G 1TB固态 集显 皓月银
Hi MateBook D16 NICI-16(IntelCore5-210H Win11 16GB+1TB)深空灰,-,-,华为智选 Hi MateBook D 16 2025款  16英寸 酷睿5 210H 16G 1TB固态 集显 深空灰
Hi MateBook D16 NICI-32(IntelCore5-210H Win11 32GB+1TB)皓月银,-,-,华为智选 Hi MateBook D 16 2025款  16英寸 酷睿5 210H 32G 1TB固态 集显 皓月银
Hi MateBook14 MASH-16 (Intel ARCGraUltra5 Win11 16GB+1TB)深空灰,严选 Matebook14 钢化膜,-,华为智选 Hi MateBook 14 2024款 酷睿Ultra版 14.2英寸 Ultra 5-125H 16GB 1TB集显 触屏版 深空灰
Hi MateBook14 MASC-24 (Intel ARCGraUltra5 225H Win11 24GB+1TB)极夜灰,严选 Matebook14 钢化膜,-,华为智选 Hi MateBook 14 2025款 2代酷睿Ultra版 14.2英寸 Ultra 5-225H 24G 1TB固态 集显 触屏版 圆形键盘 极夜灰
Hi MateBook14 MASI-16 (Intel ARCGraUltra5 225H Win11 16GB+1TB)极夜灰,严选 Matebook14 钢化膜,-,华为智选 Hi MateBook 14 2025款 2代酷睿Ultra版 14.2英寸 Ultra 5-225H 16G 1TB固态 集显 触屏版 方形键盘 极夜灰
Hi MateBook14 MNCAA-16 (AMD Radeon AMD Ryzen 7 Win11 16GB+1TB)极夜灰,严选 Matebook14 钢化膜,-,华为智选 Hi MateBook 14 2025款 锐龙版 14.2英寸 锐龙7 H 255 16GB 1TB 固态 集显 触屏版 方形键盘 极夜灰
Hi MateBook14 MNCAA-32 (AMD Radeon AMD Ryzen 7 Win11 32GB+1TB)极夜灰,严选 Matebook14 钢化膜,-,华为智选 Hi MateBook 14 2025款 锐龙版 14.2英寸 锐龙7 H 255 32GB 1TB 固态 集显 触屏版 方形键盘 极夜灰
Hi MateBook14 MNCAA-32 (AMD Radeon AMD Ryzen 7 Win11 32GB+1TB)晨曦金,严选 Matebook14 钢化膜,-,华为智选 Hi MateBook 14 2025款 锐龙版 14.2英寸 锐龙7 H 255 32GB 1TB 固态 集显 触屏版 圆形键盘 晨曦金
Hi MateBook D14 LYOI-16(IntelCore5-210H Win11 16GB+1TB)皓月银,-,-,华为智选 Hi MateBook D 14 2025款  14英寸 酷睿5 210H 16G 1TB固态 集显 皓月银
Hi MateBook D14 LYOI-16(IntelCore5-210H Win11 16GB+1TB)深空灰,-,-,华为智选 Hi MateBook D 14 2025款  14英寸 酷睿5 210H 16G 1TB固态 集显 深空灰
2025款华为MateBookPro 鸿蒙版HAD-W32柔光版 (32G+1T)触屏晴蓝,-,-,华为 MateBook Pro 2025款 14.2英寸 32G 1TB 集显 柔光触屏版 晴蓝
2021款华为智慧屏V75(HD75THAA) 4+64G,檀木健发梳,-,华为 智慧屏V系列（旧版） V75 75英寸 4+64GB 星际黑
华为智慧屏S3Pro 65"（HD65AJMS)4+64G曜石灰,-,-,华为 智慧屏S系列（旧版） S3 Pro 65 4GB+64GB 曜石灰
华为智慧屏S3Pro 86"（HD86AJMS)4+64G,檀木健发梳,-,华为 智慧屏S系列（旧版） S3 Pro 86 4GB+64GB 曜石灰
华为智慧屏Vision SE3 65"（HD65KUNA)2+32G星际黑,-,-,华为智慧屏Vision系列（旧版） SE3 2GB+32GB 65英寸
OPPO Reno15c 12＋512星光蝴蝶结,-,-,OPPO Reno 15c 全网通5G版 12GB+512GB 星光蝴蝶结
2025款华为智慧屏S6 75"（HD75KULX)4+128G星空灰,华为智慧屏 S6 85英寸,华为智慧屏 S6 85英寸 4GB+128GB 星空灰,华为智慧屏 S6 75英寸 4GB+128GB 星空灰
2025款华为智慧屏Vision 5SE 55"(HD55KULU) 3+64G星际黑,-,-,华为 Vision 智慧屏 5 SE 55英寸 3GB+64GB 星际黑
2025款华为智慧屏MateTV  75寸（HD75EDIL)(8+128)深空灰,-,-,华为智慧屏 MateTV 75英寸 8GB+128GB 深空灰
华为显示器AD80HW 23.8英寸黑色,-,-,6941487105134
华为PixLabB5 打印机（CV81Z-WDM）,檀木健发梳,-,华为 打印机 华为PixLabB5 打印机 白色
华为毕昇X1Max 打印机（CV81Z-WDMP）灰,檀木健发梳,-,华为毕昇 X1 Max 激光打印机(CV81Z-WDMp) 灰色
华为毕昇X1Max 打印机（CV81Z-WDMP）灰色,-,-,华为毕昇 X1 Max 激光打印机(CV81Z-WDMp) 灰色
华为Pocket2优享版 LEM-AL50(12+512)洛可可白,-,-,华为 Pocket 2 优享版 全网通 12GB+512GB 洛可可白
华为Pocket2优享版 LEM-AL50(12+512)雅黑,-,-,华为 Pocket 2 优享版 全网通 12GB+512GB 雅黑
华为Pocket2优享版 LEM-AL50(12+512)芋紫,-,-,华为 Pocket 2 优享版 全网通 12GB+512GB 芋紫
华为Pocket2优享版 LEM-AL50(12+512)大溪地灰,-,-,华为 Pocket 2 优享版 全网通 12GB+512GB 大溪地灰
华为Pocket2优享版 LEM-AL50(12+512)蓝梦,-,-,华为 Pocket 2 优享版 全网通 12GB+512GB 蓝梦
华为MateXT 三折叠(GRL-AL10)16+1T玄黑,-,-,华为 Mate XT 非凡大师  全网通版 16GB+1TB 玄黑
华为MateXT 三折叠(GRL-AL10)16+1T瑞红,-,-,华为 Mate XT 非凡大师  全网通版 16GB+1TB 瑞红
华为MateXTS 三折叠(GRL-AL20)16+1T瑞红,-,-,华为 Mate XTs 非凡大师 全网通版 16GB+1TB 瑞红
华为畅享70X(BRE-AL80)8+256雪域白,-,-,华为 畅享 70X 全网通版 256GB 雪域白
华为畅享70X(BRE-AL80)8+256湖光青,-,-,华为 畅享 70X 全网通版 256GB 湖光青
华为畅享70X(BRE-AL80)8+256曜金黑,-,-,华为 畅享 70X 全网通版 256GB 曜金黑
华为畅享70X(BRE-AL80)8+512曜金黑,-,-,华为 畅享 70X 全网通版 512GB 曜金黑
华为畅享70X(BRE-AL80)8+512湖光青,-,-,华为 畅享 70X 全网通版 512GB 湖光青
华为畅享70X(BRE-AL80)8+512雪域白,-,-,华为 畅享 70X 全网通版 512GB 雪域白
华为畅享70X活力(BRE-AL00b)8+512雪域白,-,-,华为 畅享 70X 活力版 全网通版 8GB+512GB 雪域白
华为畅享70X活力(BRE-AL00b)8+512曜金黑,-,-,华为 畅享 70X 活力版 全网通版 8GB+512GB 曜金黑
华为畅享70X活力(BRE-AL00b)8+512冰晶蓝,-,-,华为 畅享 70X 活力版 全网通版 8GB+512GB 冰晶蓝
华为畅享70X尊享版(BRE-AL80S)8+256流沙金,-,-,华为 畅享 70X 尊享版 全网通 256GB 流沙金
华为畅享70X尊享版(BRE-AL80S)8+256星海蓝,-,-,华为 畅享 70X 尊享版 全网通 256GB 星海蓝
华为畅享70X尊享版(BRE-AL80S)8+256曜金黑,-,-,华为 畅享 70X 尊享版 全网通 256GB 曜金黑
华为畅享70X尊享版(BRE-AL80S)8+512曜金黑,-,-,华为 畅享 70X 尊享版 全网通 512GB 曜金黑
华为畅享70X尊享版(BRE-AL80S)8+512星海蓝,-,-,华为 畅享 70X 尊享版 全网通 512GB 星海蓝
华为畅享70X尊享版(BRE-AL80S)8+512深海蓝,-,-,华为 畅享 70X 尊享版 全网通 512GB 星海蓝
华为畅享70X尊享版(BRE-AL80S)8+512流沙金,-,-,华为 畅享 70X 尊享版 全网通 512GB 流沙金
华为Nova FlipS(PSD-AL80)12+512星耀黑,-,-,华为 Nova Flip S 全网通 512GB 星耀黑
OPPO Reno15c 12＋512学院蓝,-,-,OPPO Reno 15c 全网通5G版 12GB+512GB 学院蓝
华为Nova FlipS(PSD-AL80)12+512向新绿,-,-,华为 Nova Flip S 全网通 512GB 向新绿
OPPO Reno15c 12＋512演示机学院蓝,-,-,OPPO Reno 15c 全网通5G版 12GB+512GB 学院蓝
Hi畅享80S 5G 8+256晴空蓝,檀木健发梳,-,华为智选 Hi 畅享 80S 全网通版 8GB+256GB 晴空蓝
Hi畅享80pro 5G 8+256星海蓝,檀木健发梳,-,华为智选 Hi 畅享 80 Pro 全网通版 8GB+256GB 星海蓝
Hi畅享80pro 5G 8+256晨光白,檀木健发梳,-,华为智选 Hi 畅享 80 Pro 全网通版 8GB+256GB 晨光白
Hi畅享80pro 5G 12+256星海蓝,檀木健发梳,-,华为智选 Hi 畅享 80 Pro 全网通版 12GB+256GB 星海蓝
Hi畅享80pro 5G 12+256星空黑,檀木健发梳,-,华为智选 Hi 畅享 80 Pro 全网通版 12GB+256GB 星空黑
Hi畅享80pro 5G 12+256晨光白,檀木健发梳,-,华为智选 Hi 畅享 80 Pro 全网通版 12GB+256GB 晨光白
Hi畅享80pro 5G 12+512星海蓝,檀木健发梳,-,华为智选 Hi 畅享 80 Pro 全网通版 12GB+512GB 星海蓝
Hi畅享80pro 5G 12+512星空黑,檀木健发梳,-,华为智选 Hi 畅享 80 Pro 全网通版 12GB+512GB 星空黑
Hi畅享80pro 5G 12+512晨光白,檀木健发梳,-,华为智选 Hi 畅享 80 Pro 全网通版 12GB+512GB 晨光白
麦芒40 5G（TYH651M-02)12+256幻夜黑,檀木健发梳,-,华为智选 麦芒 40 全网通 12GB+256GB 幻夜黑
麦芒40 5G（TYH651M-02)12+256冰川白,檀木健发梳,-,华为智选 麦芒 40 全网通 12GB+256GB 冰川白
麦芒40 5G（TYH651M-02)12+256原野绿,檀木健发梳,-,华为智选 麦芒 40 全网通 12GB+256GB 原野绿
麦芒40 5G（TYH651M-02)12+512幻夜黑,檀木健发梳,-,华为智选 麦芒 40 全网通 12GB+512GB 幻夜黑
麦芒40 5G（TYH651M-02)12+512冰川白,檀木健发梳,-,华为智选 麦芒 40 全网通 12GB+512GB 冰川白
麦芒40 5G（TYH651M-02)12+512原野绿,檀木健发梳,-,华为智选 麦芒 40 全网通 12GB+512GB 原野绿
华为Nova13(BLK-AL80) 12+256洛登绿,-,-,华为 nova 13 全网通版 256GB 洛登绿
华为Nova13(BLK-AL80) 12+256羽砂白,-,-,华为 nova 13 全网通版 256GB 羽砂白
华为Nova13Pro(MIS-AL00) 12+256羽砂白,-,-,华为 nova 13 Pro 全网通版 256GB 羽砂白
华为Nova13Pro(MIS-AL00) 12+256星耀黑,-,-,华为 nova 13 Pro 全网通版 256GB 星耀黑
华为Mate70（CLS-AL00)12+1T云杉绿,-,-,华为 Mate 70 全网通版 12GB+1TB 云杉绿
华为Mate70（CLS-AL00)12+1T曜石黑,-,-,华为 Mate 70 全网通版 12GB+1TB 曜石黑
华为Mate70（CLS-AL00)12+1T雪域白,-,-,华为 Mate 70 全网通版 12GB+1TB 雪域白
华为Mate70（CLS-AL00)12+1T风信紫,-,-,华为 Mate 70 全网通版 12GB+1TB 风信紫
华为Mate70（CLS-AL00)12+256曜石黑,-,-,华为 Mate 70 全网通版 12GB+256GB 曜石黑
华为Mate70Pro（PLR-AL00) 12+512风信紫,-,-,华为 Mate 70 Pro 全网通版 12GB+512GB 风信紫
华为Mate70Pro（PLR-AL00) 12+512雪域白,-,-,华为 Mate 70 Pro 全网通版 12GB+512GB 雪域白
华为Mate70Pro（PLR-AL00) 12+512曜石黑,-,-,华为 Mate 70 Pro 全网通版 12GB+512GB 曜石黑
华为Mate70Pro（PLR-AL00) 12+512云杉绿,-,-,华为 Mate 70 Pro 全网通版 12GB+512GB 云杉绿
华为Mate70Pro+（PLA-AL10) 16+512飞天青,-,-,华为 Mate 70 Pro+ 全网通版 16GB+512GB 飞天青
华为Mate70Pro优享版鸿蒙NEXT（PLR-AL50) 12+512曜石黑,-,-,华为 Mate 70 Pro 优享版 鸿蒙NEXT先锋版 全网通版 12GB+512GB 曜石黑
华为Mate70Pro+（PLA-AL10) 16+512金丝银锦,-,-,华为 Mate 70 Pro+ 全网通版 16GB+512GB 金丝银锦
华为Mate70Pro+（PLA-AL10) 16+1T羽衣白,-,-,华为 Mate 70 Pro+ 全网通版 16GB+1TB 羽衣白
华为Mate70Pro+（PLA-AL10) 16+1T飞天青,-,-,华为 Mate 70 Pro+ 全网通版 16GB+1TB 飞天青
华为Mate70 鸿蒙NEXT先锋版（CLS-AL00)12+512风信紫,-,-,华为 Mate 70 鸿蒙NEXT先锋版 全网通版 12GB+512GB 风信紫
华为Mate70 鸿蒙NEXT先锋版（CLS-AL00)12+512云杉绿,-,-,华为 Mate 70 鸿蒙NEXT先锋版 全网通版 12GB+512GB 云杉绿
华为Mate70 鸿蒙NEXT先锋版（CLS-AL00)12+512雪域白,-,-,华为 Mate 70 鸿蒙NEXT先锋版 全网通版 12GB+512GB 雪域白
华为Mate70 鸿蒙NEXT先锋版（CLS-AL00)12+512曜石黑,-,-,华为 Mate 70 鸿蒙NEXT先锋版 全网通版 12GB+512GB 曜石黑
华为Mate70Pro 鸿蒙NEXT先锋版（PLR-AL00) 12+512曜石黑,-,-,华为 Mate 70 Pro 鸿蒙NEXT先锋版 全网通版 12GB+512GB 曜石黑
华为Mate70Pro 鸿蒙NEXT先锋版（PLR-AL00) 12+512雪域白,-,-,华为 Mate 70 Pro 鸿蒙NEXT先锋版 全网通版 12GB+512GB 雪域白
华为Mate70Pro优享版（PLR-AL50) 12+512曜石黑,-,-,华为 Mate 70 Pro 优享版 全网通版 12GB+512GB 曜石黑
华为Mate70Pro优享版（PLR-AL50) 12+1T曜石黑,-,-,华为 Mate 70 Pro 优享版 全网通版 12GB+1TB 曜石黑
华为Mate70Pro优享版（PLR-AL50) 12+1T风信紫,-,-,华为 Mate 70 Pro 优享版 全网通版 12GB+1TB 风信紫
华为Mate70Pro 鸿蒙NEXT先锋版（PLR-AL30) 12+1T云杉绿,-,-,华为 Mate 70 Pro 鸿蒙NEXT先锋版 全网通版 12GB+1TB 云杉绿
华为Mate70Pro 鸿蒙NEXT先锋版（PLR-AL30) 12+1T曜石黑,-,-,华为 Mate 70 Pro 鸿蒙NEXT先锋版 全网通版 12GB+1TB 曜石黑
华为Mate70Pro+（PLA-AL10) 16+512墨韵黑,-,-,华为 Mate 70 Pro+ 全网通版 16GB+512GB 墨韵黑
华为Mate70Pro优享版（PLR-AL50) 12+256雪域白,-,-,华为 Mate 70 Pro 优享版 全网通版 12GB+256GB 雪域白
华为Mate70Pro优享版（PLR-AL50) 12+256云杉绿,-,-,华为 Mate 70 Pro 优享版 全网通版 12GB+256GB 云杉绿
华为Mate70Pro优享版（PLR-AL50) 12+256曜石黑,-,-,华为 Mate 70 Pro 优享版 全网通版 12GB+256GB 曜石黑
华为Mate70Pro（PLR-AL30) 16+512云杉绿,-,-,华为 Mate 70 Pro 全网通版 16GB+512GB 云杉绿
华为Mate70Pro（PLR-AL30) 16+512雪域白,-,-,华为 Mate 70 Pro 全网通版 16GB+512GB 雪域白
华为Mate70Pro（PLR-AL30) 16+512曜石黑,-,-,华为 Mate 70 Pro 全网通版 16GB+512GB 曜石黑
华为Mate70Pro（PLR-AL30) 16+512风信紫,-,-,华为 Mate 70 Pro 全网通版 16GB+512GB 风信紫
华为Mate70Air（SUP-AL90)12+512羽衣白,T品牌 华为 Mate 70 Air 盾3D高清钢化膜,-,华为 Mate 70 Air 全网通版 12GB+512GB 羽衣白
华为Mate70Air（SUP-AL90)12+512曜金黑,T品牌 华为 Mate 70 Air 盾3D高清钢化膜,-,华为 Mate 70 Air 全网通版 12GB+512GB 曜金黑
华为Mate70Air（SUP-AL90)12+512金丝银锦,T品牌 华为 Mate 70 Air 盾3D高清钢化膜,-,华为 Mate 70 Air 全网通版 12GB+512GB 金丝银锦
华为Mate70Air（SUP-AL90)12+256曜金黑,T品牌 华为 Mate 70 Air 盾3D高清钢化膜,-,华为 Mate 70 Air 全网通版 12GB+256GB 曜金黑
华为Mate70Air（SUP-AL90)12+256金丝银锦,T品牌 华为 Mate 70 Air 盾3D高清钢化膜,-,华为 Mate 70 Air 全网通版 12GB+256GB 金丝银锦
华为PuraX 典藏(VDE-AL10)16+512型格绿,-,-,华为 Pura X 全网通版 16GB+512GB典藏版 型格绿
华为PuraX 典藏(VDE-AL10)16+512零度白,-,-,华为 Pura X 全网通版 16GB+512GB典藏版 零度白
华为PuraX 典藏(VDE-AL10)16+512型格红,-,-,华为 Pura X 全网通版 16GB+512GB典藏版 型格红
华为PuraX 典藏(VDE-AL10)16+512月影灰,-,-,华为 Pura X 全网通版 16GB+512GB典藏版 月影灰
华为PuraX (VDE-AL00)12+512幻夜黑,-,-,华为 Pura X 全网通版 12GB+512GB 幻夜黑
华为PuraX (VDE-AL00)12+512零度白,-,-,华为 Pura X 全网通版 12GB+512GB 零度白
华为PuraX (VDE-AL00)12+512月影灰,-,-,华为 Pura X 全网通版 12GB+512GB 月影灰
华为PuraX (VDE-AL00)12+256月影灰,-,-,华为 Pura X 全网通版 12GB+256GB 月影灰
华为PuraX (VDE-AL00)12+256零度白,-,-,华为 Pura X 全网通版 12GB+256GB 零度白
华为畅享80（JUY-AL00）8+128天际白,-,-,华为 畅享 80 全网通版 8GB+128GB 天际白
华为畅享80（JUY-AL00）8+128曜金黑,-,-,华为 畅享 80 全网通版 8GB+128GB 曜金黑
华为畅享80（JUY-AL00）8+128天青蓝,-,-,华为 畅享 80 全网通版 8GB+128GB 天青蓝
华为畅享80（JUY-AL00）8+256天青蓝,-,-,华为 畅享 80 全网通版 8GB+256GB 天青蓝
华为畅享80（JUY-AL00）8+256天际白,-,-,华为 畅享 80 全网通版 8GB+256GB 天际白
华为畅享80（JUY-AL00）8+256曜金黑,-,-,华为 畅享 80 全网通版 8GB+256GB 曜金黑
华为Nova14Pro（MIA-AL00）12+256羽砂黑,-,-,华为 Nova 14 Pro 全网通版 256GB 羽砂黑
华为Nova14Pro（MIA-AL00）12+256凝霜白,-,-,华为 Nova 14 Pro 全网通版 256GB 凝霜白
华为Nova14Pro（MIA-AL00）12+256冰晶蓝,-,-,华为 Nova 14 Pro 全网通版 256GB 冰晶蓝
华为Nova14Pro（MIA-AL00）12+512凝霜白,-,-,华为 Nova 14 Pro 全网通版 512GB 凝霜白
华为Nova14Pro（MIA-AL00）12+512羽砂黑,-,-,华为 Nova 14 Pro 全网通版 512GB 羽砂黑
华为Nova14Pro（MIA-AL00）12+512冰晶蓝,-,-,华为 Nova 14 Pro 全网通版 512GB 冰晶蓝
华为Nova14Pro（MIA-AL00）12+512冰晶粉,-,-,华为 Nova 14 Pro 全网通版 512GB 冰晶粉
华为Nova14Ultra（MRT-AL10）12+256浮光白,-,-,华为 Nova 14 Ultra 全网通版 256GB 浮光白
华为Nova14Ultra（MRT-AL10）12+256曜金黑,-,-,华为 Nova 14 Ultra 全网通版 256GB 曜金黑
华为Nova14Ultra（MRT-AL10）12+256流光紫,-,-,华为 Nova 14 Ultra 全网通版 256GB 流光紫
华为Nova14Ultra（MRT-AL10）12+256浮光金,-,-,华为 Nova 14 Ultra 全网通版 256GB 浮光金
华为Nova14Ultra（MRT-AL10）12+512曜金黑,-,-,华为 Nova 14 Ultra 全网通版 512GB 曜金黑
华为Nova14Ultra（MRT-AL10）12+512浮光白,-,-,华为 Nova 14 Ultra 全网通版 512GB 浮光白
华为Nova14Ultra（MRT-AL10）12+512浮光金,-,-,华为 Nova 14 Ultra 全网通版 512GB 浮光金
华为Nova14Ultra（MRT-AL10）12+512流光紫,-,-,华为 Nova 14 Ultra 全网通版 512GB 流光紫
华为Nova14 (TLR-AL00)12+512羽砂黑,-,-,华为 Nova 14 全网通版 512GB 羽砂黑
华为Nova14 (TLR-AL00)12+512凝霜白,-,-,华为 Nova 14 全网通版 512GB 凝霜白
华为Nova14 (TLR-AL00)12+512冰晶蓝,-,-,华为 Nova 14 全网通版 512GB 冰晶蓝
华为Nova14 (TLR-AL00)12+256冰晶蓝,-,-,华为 Nova 14 全网通版 256GB 冰晶蓝
华为Nova14 (TLR-AL00)12+256凝霜白,-,-,华为 Nova 14 全网通版 256GB 凝霜白
华为Nova14 (TLR-AL00)12+256羽砂黑,-,-,华为 Nova 14 全网通版 256GB 羽砂黑
华为Nova14 (TLR-AL00)12+512昆仑版冰晶蓝,-,-,华为 Nova 14 全网通版 昆仑玻璃 512GB 冰晶蓝
华为Nova14 (TLR-AL00)12+512昆仑版羽砂黑,-,-,华为 Nova 14 全网通版 昆仑玻璃 512GB 羽砂黑
华为Nova14 (TLR-AL00)12+512昆仑版凝霜白,-,-,华为 Nova 14 全网通版 昆仑玻璃 512GB 凝霜白
华为Nova14Pro（MIA-AL00）12+512昆仑凝霜白,-,-,华为 Nova 14 Pro 全网通版 昆仑玻璃 512GB 凝霜白
华为Nova14Pro（MIA-AL00）12+512昆仑冰晶蓝,-,-,华为 Nova 14 Pro 全网通版 昆仑玻璃 512GB 冰晶蓝
华为Nova14Pro（MIA-AL00）12+512昆仑羽砂黑,-,-,华为 Nova 14 Pro 全网通版 昆仑玻璃 512GB 羽砂黑
华为Nova14Pro（MIA-AL00）12+512昆仑冰晶粉,-,-,华为 Nova 14 Pro 全网通版 昆仑玻璃 512GB 冰晶粉
华为NOVA14活力版 (TYR-AL00)12+256冰晶蓝,-,-,华为 Nova 14 活力版 全网通版 256GB 冰晶蓝
华为NOVA14活力版 (TYR-AL00)12+256羽砂黑,-,-,华为 Nova 14 活力版 全网通版 256GB 羽砂黑
华为NOVA14活力版 (TYR-AL00)12+256凝霜白,-,-,华为 Nova 14 活力版 全网通版 256GB 凝霜白
华为NOVA14活力版 (TYR-AL00)12+512凝霜白,-,-,华为 Nova 14 活力版 全网通版 512GB 凝霜白
华为NOVA14活力版 (TYR-AL00)12+512羽砂黑,-,-,华为 Nova 14 活力版 全网通版 512GB 羽砂黑
华为NOVA14活力版 (TYR-AL00)12+512冰晶蓝,-,-,华为 Nova 14 活力版 全网通版 512GB 冰晶蓝
华为Pura80Pro LMR-AL00 12+256釉白,-,-,华为 Pura 80 Pro 全网通 12GB+256GB 釉白
华为Pura80Pro+ LMR-AL10 16+512釉青,-,-,华为 Pura 80 Pro+ 全网通 16GB+512GB 釉青
华为Pura80Pro+ LMR-AL10 16+512釉黑,-,-,华为 Pura 80 Pro+ 全网通 16GB+512GB 釉黑
华为Pura80Pro+ LMR-AL10 16+512釉白,-,-,华为 Pura 80 Pro+ 全网通 16GB+512GB 釉白
华为Mate80promax（SGT-AL10)16+1T极光青,-,-,华为 Mate 80 Pro Max 全网通 16GB+1TB 极光青
华为Pura80Ultra LMR-AL10 16+512鎏光黑,-,-,华为 Pura 80 Ultra 全网通 16GB+512GB 鎏光黑
华为Pura80Ultra LMR-AL10 16+512鎏金黑,-,-,华为 Pura 80 Ultra 全网通 16GB+512GB 鎏光黑
华为Pura80Ultra LMR-AL10 16+512鎏光金,-,-,华为 Pura 80 Ultra 全网通 16GB+512GB 鎏光金
华为Pura80Pro LMR-AL00 12+512釉白,-,-,华为 Pura 80 Pro 全网通 12GB+512GB 釉白
华为Pura80Pro LMR-AL00 12+512釉金,-,-,华为 Pura 80 Pro 全网通 12GB+512GB 釉金
华为Pura80Pro LMR-AL00 12+512釉黑,-,-,华为 Pura 80 Pro 全网通 12GB+512GB 釉黑
华为Pura80Pro LMR-AL00 12+1T釉黑,-,-,华为 Pura 80 Pro 全网通 12GB+1TB 釉黑
华为Pura80Pro LMR-AL00 12+1T釉白,-,-,华为 Pura 80 Pro 全网通 12GB+1TB 釉白
华为Pura80Pro+ LMR-AL10 16+1T釉黑,-,-,华为 Pura 80 Pro+ 全网通 16GB+1TB 釉黑
华为Pura80Ultra LMR-AL10 16+1T鎏光黑,-,-,华为 Pura 80 Ultra 全网通 16GB+1TB 鎏光黑
华为Pura80 HED-AL00 12+256G丝绒白,-,-,华为 Pura 80 全网通5G 12GB+256GB 丝绒白
华为Pura80 HED-AL00 12+256G丝绒黑,-,-,华为 Pura 80 全网通5G 12GB+256GB 丝绒黑
华为Pura80 HED-AL00 12+256G丝绒绿,-,-,华为 Pura 80 全网通5G 12GB+256GB 丝绒绿
华为Pura80 HED-AL00 12+512G丝绒白,-,-,华为 Pura 80 全网通5G 12GB+512GB 丝绒白
华为Pura80 HED-AL00 12+512G丝绒黑,-,-,华为 Pura 80 全网通5G 12GB+512GB 丝绒黑
华为Pura80 HED-AL00 12+512G丝绒绿,-,-,华为 Pura 80 全网通5G 12GB+512GB 丝绒绿
华为Pura80 HED-AL00 12+512G丝绒金,-,-,华为 Pura 80 全网通5G 12GB+512GB 丝绒金
华为Pura80 HED-AL00 12+1T丝绒黑,-,-,华为 Pura 80 全网通5G 12GB+1TB 丝绒黑
华为Pura80 HED-AL00 12+1T丝绒白,-,-,华为 Pura 80 全网通5G 12GB+1TB 丝绒白
华为Pura80 HED-AL00 12+1T丝绒金,-,-,华为 Pura 80 全网通5G 12GB+1TB 丝绒金
华为Pura80 HED-AL00 12+1T丝绒绿,-,-,华为 Pura 80 全网通5G 12GB+1TB 丝绒绿
华为Mate80（VYG-AL00)12+256云杉绿,-,-,华为 Mate 80 全网通 12GB+256GB 云杉绿
华为Mate80（VYG-AL00)12+256曜石黑,-,-,华为 Mate 80 全网通 12GB+256GB 曜石黑
华为Mate80（VYG-AL00)12+256雪域白,-,-,华为 Mate 80 全网通 12GB+256GB 雪域白
华为Mate80promax（SGT-AL10)16+512极地银,-,-,华为 Mate 80 Pro Max 全网通 16GB+512GB 极地银
华为Mate80（VYG-AL00)12+512晨曦金,-,-,华为 Mate 80 全网通 12GB+512GB 晨曦金
华为Mate80（VYG-AL00)12+512雪域白,-,-,华为 Mate 80 全网通 12GB+512GB 雪域白
华为Mate80（VYG-AL00)12+512云杉绿,-,-,华为 Mate 80 全网通 12GB+512GB 云杉绿
华为Mate80（VYG-AL00)16+512雪域白,-,-,华为 Mate 80 全网通 16GB+512GB 雪域白
华为Mate80（VYG-AL00)16+512云杉绿,-,-,华为 Mate 80 全网通 16GB+512GB 云杉绿
华为Mate80（VYG-AL00)16+512曜石黑,-,-,华为 Mate 80 全网通 16GB+512GB 曜石黑
华为Mate80（VYG-AL00)16+512晨曦金,-,-,华为 Mate 80 全网通 16GB+512GB 晨曦金
华为Mate80（VYG-AL00)12+512曜石黑,-,-,华为 Mate 80 全网通 12GB+512GB 曜石黑
华为MateX6 (ICL-AL10)12+256寰宇红,-,-,华为 Mate X6 全网通版 12GB+256GB 寰宇红
华为MateX6典藏(ICL-AL10)16+512寰宇红,-,-,华为 Mate X6 全网通版 16GB+512GB典藏版 寰宇红
华为MateX7 典藏(DEL-AL20)16+512寰宇红,-,-,华为 Mate X7 全网通 16GB+512GB典藏版 寰宇红
华为MateX7 典藏(DEL-AL20)16+512云锦白,-,-,华为 Mate X7 全网通 16GB+512GB典藏版 云锦白
华为MateX7 典藏(DEL-AL20)16+512云锦蓝,-,-,华为 Mate X7 全网通 16GB+512GB典藏版 云锦蓝
华为MateX7 典藏(DEL-AL20)16+1T曜石黑,-,-,华为 Mate X7 全网通 16GB+1TB典藏版 曜石黑
华为MateX7 (DEL-AL10)12+512幻影紫,-,-,华为 Mate X7 全网通 12GB+512GB 幻影紫
华为MateX7 典藏(DEL-AL20)16+1T云锦白,-,-,华为 Mate X7 全网通 16GB+1TB典藏版 云锦白
华为MateX7 (DEL-AL10)12+512云锦白,-,-,华为 Mate X7 全网通 12GB+512GB 云锦白
华为MateX7 典藏(DEL-AL20)16+1T幻影紫,-,-,华为 Mate X7 全网通 16GB+1TB典藏版 幻影紫
华为MateX6 (ICL-AL10)12+512星云灰,-,-,华为 Mate X6 全网通版 12GB+512GB 星云灰
华为MateX6 (ICL-AL10)12+512星云白,-,-,华为 Mate X6 全网通版 12GB+512GB 星云白
华为MateX6 (ICL-AL10)12+512深海蓝,-,-,华为 Mate X6 全网通版 12GB+512GB 深海蓝
华为MateX6 (ICL-AL10)12+512曜石黑,-,-,华为 Mate X6 全网通版 12GB+512GB 曜石黑
华为MateX6 (ICL-AL10)12+512寰宇红,-,-,华为 Mate X6 全网通版 12GB+512GB 寰宇红
华为MateX7 典藏(DEL-AL20)16+512曜石黑,-,-,华为 Mate X7 全网通 16GB+512GB典藏版 曜石黑
华为mateXT 三折叠(GRL-AL10)16+512演示机瑞红+冰霜银,-,-,华为 Mate XT 非凡大师  全网通版 16GB+512GB 瑞红
荣耀平板V9 柔光版 11.5寸（ROL-W10）8G+256G苍山灰,荣耀平板 V9 智能触控键盘,荣耀平板 V9 智能触控键盘 深灰色,荣耀平板 V9 11.5英寸 柔光版 WiFi版 8GB+256GB 苍山灰
荣耀平板V9 11.5寸（ROL-W00）12G+512G苍山灰,荣耀平板 V9 智能触控键盘,荣耀平板 V9 智能触控键盘 深灰色,荣耀平板 V9 11.5英寸 标准版 WiFi版 12GB+512GB 苍山灰
荣耀平板V9 11.5寸（ROL-W00）12G+512G庐烟紫,荣耀平板 V9 智能触控键盘,-,荣耀平板 V9 11.5英寸 标准版 WiFi版 12GB+512GB 庐烟紫
荣耀平板X9Pro 11.5英寸(ELN2-W09)8+256天青色,荣耀平板X9 Pro智能蓝牙键盘,-,荣耀平板 X9 Pro 11.5英寸 WiFi版 8GB+256GB 天青色
荣耀平板MagicPad2 12.3寸（ROD2-W09）16G+512G月影白,荣耀平板 MagicPad2（ROD2-W09）12.3英寸钢化膜,-,荣耀平板 MagicPad 2（ROD2-W09） 12.3英寸 WIFI版 16GB+512GB 月影白
荣耀平板MagicPad2 12.3寸（ROD2-W09）16G+512G天海青,荣耀平板 MagicPad2（ROD2-W09）12.3英寸钢化膜,-,荣耀平板 MagicPad 2（ROD2-W09） 12.3英寸 WIFI版 16GB+512GB 天海青
荣耀平板10 12.1英寸（HEY3-W00)12+256天青色,-,-,荣耀平板10 12.1英寸 12GB+256GB 天青色
荣耀平板10 12.1英寸（HEY3-W00)12+512苍山灰,-,-,荣耀平板10 12.1英寸 12GB+512GB 苍山灰
荣耀平板10柔光版 12.1英寸（HEY3-W10)8+256日出印象,-,-,荣耀平板10  12.1英寸 柔光版 WIFI版 8GB+256GB 日出印象
荣耀平板10柔光版 12.1英寸（HEY3-W10)8+256苍山灰,-,-,荣耀平板10  12.1英寸 柔光版 WIFI版 8GB+256GB 苍山灰
荣耀平板MagicPad3 13.3寸（CGA-W00）16G+512G月影白,荣耀MagicPad3 12.5智能键盘 ,-,荣耀平板 MagicPad 3 13.3英寸 WIFI版 16GB+512GB 月影白
荣耀平板MagicPad3 12.5寸（CGL-W00)12+256G星空灰,荣耀MagicPad3 12.5智能键盘 ,荣耀MagicPad3 12.5智能键盘  深灰色,荣耀平板 MagicPad 3 12.5英寸 WIFI版 12GB+256GB 星空灰
荣耀平板MagicPad3柔光版 12.5寸（CGL-W10)8+256G星空灰,荣耀MagicPad3 12.5智能键盘 ,荣耀MagicPad3 12.5智能键盘  深灰色,荣耀平板 MagicPad 3 12.5英寸 柔光版 WIFI版 8GB+256GB 星空灰
荣耀平板MagicPad3pro 13.3寸（YLP-W00）16G+512G星空灰,荣耀平板 MagicPad 3 Pro 13.3英寸,荣耀平板 MagicPad 3 Pro 13.3英寸 WiFi版 16GB+512GB 星空灰,荣耀平板 MagicPad 3 Pro 13.3英寸 WiFi版 16GB+512GB 星空灰
荣耀手表5（STL-L19）4G+64MB曜石黑,-,-,荣耀手表5 曜石黑
荣耀手表4Pro真皮表带（TUM-L19）墨绿色,-,-,荣耀手表4 Pro 墨绿色真皮表带
荣耀手表FIT雅致版（IVY-B39)幻夜黑,-,-,荣耀手表Fit 雅致版 幻夜黑 黑色硅胶表带
荣耀手表FIT雅致版（IVY-B39)摩卡棕,-,-,荣耀手表Fit 雅致版 摩卡棕 酒红色皮表带
荣耀手表5Ultra（TUR-L19）8G+64MB钛色,-,-,荣耀手表5 Ultra 纵横家（钛色）
荣耀手表5Ultra（TUR-L19）8G+64MB黑色,-,-,荣耀手表5 Ultra 极速者（黑色）
荣耀手表5Ultra（TUR-L19）8G+64MB棕色,-,-,荣耀手表5 Ultra 指挥官（棕色）
荣耀手表5PRO eSIM版氟橡胶表带(HAL-L19)黑色,-,-,荣耀手表5 Pro eSIM版 黑色氟橡胶表带
荣耀手表5PRO eSIM版皮表带(HAL-L19)绿色,-,-,荣耀手表5 Pro eSIM版 绿色皮表带
荣耀手表X5 皮革表带（LWS-WB10）星光白,荣耀手表 X5,荣耀手表 X5 星光白,荣耀手表 X5 link+皮表带 LWS-WB10  星光白
荣耀手表X5 皮革表带（LWS-WB10）幻夜黑,荣耀手表 X5,荣耀手表 X5 幻夜黑,荣耀手表 X5 link+皮表带 LWS-WB10  幻夜黑
2023款荣耀MagicBook X14Pro(FRI-G561)I5-13500H+16+512 锐炬Xe冰河银,荣耀 MagicBook X 14 Pro 2023 14吋,荣耀 MagicBook X 14 Pro 2023 14吋 i5-13500H 16GB+512GB 冰河银,荣耀 MagicBook X 14 Pro 2023 14吋 i5-13500H 16GB+512GB 冰河银
荣耀MagicVFlip2 5G(CLE-AN00)12+512G月影白,-,-,荣耀Magic V Flip2 全网通5G 12GB+512GB 月影白
荣耀MagicVFlip2 5G(CLE-AN00)12+512G钛空灰,-,-,荣耀Magic V Flip2 全网通5G 12GB+512GB 钛空灰
荣耀MagicVFlip2 5G(CLE-AN00)12+512G晨曦紫,-,-,荣耀Magic V Flip2 全网通5G 12GB+512GB 晨曦紫
荣耀畅玩50 5G(JDY-AN00)8+256幻夜黑,-,-,荣耀畅玩50 全网通5G 8GB+256GB 幻夜黑
荣耀畅玩60 5G(NIC-AN00)8+256墨岩黑,-,-,荣耀畅玩60 全网通5G 8GB+256GB 墨岩黑
荣耀畅玩60 5G(NIC-AN00)6+128玉龙雪,-,-,荣耀畅玩60 全网通5G 6GB+128GB 玉龙雪
荣耀畅玩60 5G(NIC-AN00)6+128墨岩黑,-,-,荣耀畅玩60 全网通5G 6GB+128GB 墨岩黑
荣耀畅玩70Plus 5G(LOG-AN00)12+256幻夜黑,-,-,荣耀畅玩70 Plus 全网通5G 12GB+256GB 幻夜黑
荣耀畅玩70Plus 5G(LOG-AN00)12+256晓山青,-,-,荣耀畅玩70 Plus 全网通5G 12GB+256GB 晓山青
荣耀畅玩70Plus 5G(LOG-AN00)12+256流沙粉,-,-,荣耀畅玩70 Plus 全网通5G 12GB+256GB 流沙粉
荣耀畅玩70Plus 5G(LOG-AN00)12+256玉龙雪,-,-,荣耀畅玩70 Plus 全网通5G 12GB+256GB 玉龙雪
荣耀畅玩70Plus 5G(LOG-AN00)12+512玉龙雪,-,-,荣耀畅玩70 Plus 全网通5G 12GB+512GB 玉龙雪
荣耀畅玩70Plus 5G(LOG-AN00)12+512流沙粉,-,-,荣耀畅玩70 Plus 全网通5G 12GB+512GB 流沙粉
荣耀畅玩70Plus 5G(LOG-AN00)12+512幻夜黑,-,-,荣耀畅玩70 Plus 全网通5G 12GB+512GB 幻夜黑
荣耀畅玩70Plus 5G(LOG-AN00)12+512晓山青,-,-,荣耀畅玩70 Plus 全网通5G 12GB+512GB 晓山青
华为mateXT 三折叠(GRL-AL10)16+512演示机玄黑+冰霜银,-,-,华为 Mate XT 非凡大师  全网通版 16GB+512GB 玄黑
2025款华为MateBook14(FLMH-32) InteUltra5-125H(32+1T) Linux皓月银,-,-,华为 MateBook 14 2025款 Linux版  14英寸 Ultra 5-125H 32G 1TB固态 集显 触屏版 深空灰
2023款华为Matebook E DRR-W76 I7-1260U 16+512演示机雪域白+雪域白,-,-,华为 MateBook E DRR-W76 Intel i7 Win11 16GB+512GB 雪域白/雪域白键盘
荣耀Magic6Pro 5G(BVL-AN16)12+256G流云紫,荣耀 Magic6 Pro 原装 皮革支架保护壳,荣耀 Magic6 Pro 原装 皮革支架保护壳 紫色,荣耀Magic6 Pro 全网通5G版 12GB+256GB 流云紫
荣耀Magic7Pro 5G(PTP-AN10)16+512G月影灰,荣耀Magic7 Pro 皮革保护壳,-,荣耀Magic7 Pro 全网通5G 16GB+512GB  月影灰
荣耀Magic7Pro 5G(PTP-AN10)16+512G绒黑色,荣耀Magic7 Pro 皮革保护壳,荣耀Magic7 Pro 皮革保护壳 黑色,荣耀Magic7 Pro 全网通5G 16GB+512GB 绒黑色
荣耀Magic7Pro 5G(PTP-AN10)16+512G天际蓝,荣耀Magic7 Pro 皮革保护壳,荣耀Magic7 Pro 皮革保护壳 蓝色,荣耀Magic7 Pro 全网通5G 16GB+512GB 天际蓝
荣耀Magic7Pro 5G(PTP-AN10)16+1T绒黑色,荣耀Magic7 Pro 皮革保护壳,荣耀Magic7 Pro 皮革保护壳 黑色,荣耀Magic7 Pro 全网通5G 16GB+1TB 绒黑色
荣耀Magic7Pro 5G(PTP-AN10)16+1T天际蓝,荣耀Magic7 Pro 皮革保护壳,荣耀Magic7 Pro 皮革保护壳 蓝色,荣耀Magic7 Pro 全网通5G 16GB+1TB 天际蓝
荣耀X70i(ABR-AN00)12+256绒黑色,荣耀X70i AI版,荣耀X70i AI版 全网通5G 12GB+256GB 绒黑色,荣耀X70i 全网通5G 12GB+256GB 绒黑色
荣耀X70i(ABR-AN00)12+256月影白,荣耀X70i AI版,荣耀X70i AI版 全网通5G 12GB+256GB 月影白,荣耀X70i 全网通5G 12GB+256GB 月影白
2022款华为Matebook E Go GK-G56 (高通骁龙8cx Gen 2) 16+512全网通演示机星云灰+星云灰,-,-,华为 MateBook E Go 骁龙8cx Gen2 16GB+512GB 星云灰键盘
荣耀X70i(ABR-AN00)12+256天海青,荣耀X70i AI版,荣耀X70i AI版 全网通5G 12GB+256GB 天海青,荣耀X70i 全网通5G 12GB+256GB 天海青
荣耀X70i(ABR-AN00)12+256玉兰紫,荣耀X70i AI版,荣耀X70i AI版 全网通5G 12GB+256GB 玉兰紫,荣耀X70i 全网通5G 12GB+256GB 玉兰紫
荣耀X70i(ABR-AN00)12+512天海青,荣耀X70i AI版,荣耀X70i AI版 全网通5G 12GB+512GB 天海青,荣耀X70i 全网通5G 12GB+512GB 天海青
荣耀X70i(ABR-AN00)12+512月影白,荣耀X70i AI版,荣耀X70i AI版 全网通5G 12GB+512GB 月影白,荣耀X70i 全网通5G 12GB+512GB 月影白
荣耀X70i(ABR-AN00)12+512玉兰紫,荣耀X70i AI版,荣耀X70i AI版 全网通5G 12GB+512GB 玉兰紫,荣耀X70i 全网通5G 12GB+512GB 玉兰紫
荣耀X70i(ABR-AN00)12+512绒黑色,荣耀X70i AI版,荣耀X70i AI版 全网通5G 12GB+512GB 绒黑色,荣耀X70i 全网通5G 12GB+512GB 绒黑色
荣耀X70(MTN-AN80)12+512竹韵青,荣耀X70,荣耀X70 全网通5G 12GB+512GB 竹韵青,荣耀X70 全网通5G 12GB+512GB 竹韵青
荣耀X70(MTN-AN80)12+512月影白,荣耀X70,荣耀X70 全网通5G 12GB+512GB 月影白,荣耀X70 全网通5G 12GB+512GB 月影白
荣耀X70(MTN-AN80)12+512幻夜黑,荣耀X70,荣耀X70 全网通5G 12GB+512GB 幻夜黑,荣耀X70 全网通5G 12GB+512GB 幻夜黑
荣耀X70(MTN-AN80)12+512朱砂红,荣耀X70,荣耀X70 全网通5G 12GB+512GB 朱砂红,荣耀X70 全网通5G 12GB+512GB 朱砂红
荣耀X70(MTN-AN80)12+256竹韵青,荣耀X70,荣耀X70 全网通5G 12GB+256GB 竹韵青,荣耀X70 全网通5G 12GB+256GB 竹韵青
荣耀X70(MTN-AN80)12+256幻夜黑,荣耀X70,荣耀X70 全网通5G 12GB+256GB 幻夜黑,荣耀X70 全网通5G 12GB+256GB 幻夜黑
荣耀X70(MTN-AN80)12+256朱砂红,荣耀X70,荣耀X70 全网通5G 12GB+256GB 朱砂红,荣耀X70 全网通5G 12GB+256GB 朱砂红
荣耀X70(MTN-AN80)12+256月影白,荣耀X70,荣耀X70 全网通5G 12GB+256GB 月影白,荣耀X70 全网通5G 12GB+256GB 月影白
荣耀400  DNN-ANOO 12+512G流沙粉,-,-,荣耀400 全网通5G 12GB+512GB 流沙粉
荣耀400  DNN-ANOO 16+512G流沙粉,-,-,荣耀400 全网通5G 16GB+512GB 流沙粉
荣耀400  DNN-ANOO 16+512G海风蓝,-,-,荣耀400 全网通5G 16GB+512GB 海风蓝
荣耀400  DNN-ANOO 16+512G揽月银,-,-,荣耀400 全网通5G 16GB+512GB 揽月银
荣耀400Pro DNP-AN00 12+512海风蓝,-,-,荣耀400 pro 全网通5G 12GB+512GB 海风蓝
荣耀400Pro DNP-AN00 16+512流沙粉,-,-,荣耀400 pro 全网通5G 16GB+512GB 流沙粉
荣耀400Pro DNP-AN00 16+512揽月银,-,-,荣耀400 pro 全网通5G 16GB+512GB 揽月银
荣耀400Pro DNP-AN00 16+1T幻夜黑,-,-,荣耀400 pro 全网通5G 16GB+1TB 幻夜黑
荣耀MagicV5 5G 16+512曙光金,-,-,荣耀Magic V5 全网通5G 16GB+512GB  曙光金
荣耀MagicV5 5G 16+1T绒黑色,-,-,荣耀Magic V5 全网通5G 16GB+1TB 绒黑色
荣耀Magic8Pro 5G(BKQ-AN10)16+512G雪域白,荣耀Magic8 Pro Air,荣耀Magic8 Pro Air 全网通5G 16GB+512GB 羽白,荣耀Magic8 Pro 全网通5G 16GB+512GB 雪域白
荣耀Magic8Pro 5G(BKQ-AN10)16+512G绒黑色,荣耀Magic8 Pro Air,荣耀Magic8 Pro Air 全网通5G 16GB+512GB 影黑,荣耀Magic8 Pro 全网通5G 16GB+512GB 绒黑色
荣耀Magic8 5G(BKQ-AN00)16+512G天青釉,荣耀Magic8 RSR 保时捷,荣耀Magic8 RSR 保时捷 全网通5G 16GB+512GB 板岩灰,荣耀Magic8 全网通5G 16GB+512GB 天青釉
荣耀Magic8 5G(BKQ-AN00)16+512G雪域白,荣耀Magic8 RSR 保时捷,荣耀Magic8 RSR 保时捷 全网通5G 16GB+512GB 板岩灰,荣耀Magic8 全网通5G 16GB+512GB 雪域白
荣耀Magic8 5G(BKQ-AN00)16+512G绒黑色,荣耀Magic8 RSR 保时捷,荣耀Magic8 RSR 保时捷 全网通5G 16GB+512GB 板岩灰,荣耀Magic8 全网通5G 16GB+512GB 绒黑色
荣耀500 MEY-ANOO 16+512G曜石黑,-,-,荣耀500 全网通5G 16GB+512GB 曜石黑
荣耀500 MEY-ANOO 16+512G海蓝宝,-,-,荣耀500 全网通5G 16GB+512GB 海蓝宝
荣耀500 MEY-ANOO 16+512G月光银,-,-,荣耀500 全网通5G 16GB+512GB 月光银
荣耀500 MEY-ANOO 16+512G星光粉,-,-,荣耀500 全网通5G 16GB+512GB 星光粉
荣耀500 MEY-ANOO 12+512G星光粉,-,-,荣耀500 全网通5G 12GB+512GB 星光粉
荣耀500 MEY-ANOO 12+512G月光银,-,-,荣耀500 全网通5G 12GB+512GB 月光银
荣耀500 MEY-ANOO 12+512G曜石黑,-,-,荣耀500 全网通5G 12GB+512GB 曜石黑
荣耀500 MEY-ANOO 12+512G海蓝宝,-,-,荣耀500 全网通5G 12GB+512GB 海蓝宝
荣耀500pro MEP-ANOO 12+512G星光粉,-,-,荣耀500 Pro 全网通5G 12GB+512GB 星光粉
荣耀500pro MEP-ANOO 16+512G月光银,-,-,荣耀500 Pro 全网通5G 16GB+512GB 月光银
荣耀500pro MEP-ANOO 16+512G海蓝宝,-,-,荣耀500 Pro 全网通5G 16GB+512GB 海蓝宝
IQOONeo10 5G(12+512)驰光白,-,-,iQOO Neo10 全网通5G 12GB+512GB 驰光白
IQOOZ10Turbo＋  5G(16+512)云海白,-,-,IQOO Z10 Turbo+ 全网通5G 16GB+512GB 云海白
IQOOZ10Turbo＋  5G(16+512)沙漠色,-,-,IQOO Z10 Turbo+ 全网通5G 16GB+512GB 沙漠色
IQOOZ10Turbo＋  5G(16+512)极地灰,-,-,IQOO Z10 Turbo+ 全网通5G 16GB+512GB 极地灰
IQOOZ10Turbo＋  5G(16+256)沙漠色,-,-,IQOO Z10 Turbo+ 全网通5G 16GB+256GB 沙漠色
IQOOZ10Turbo＋  5G(12+256)极地灰,-,-,IQOO Z10 Turbo+ 全网通5G 12GB+256GB 极地灰
IQOONeo11 5G(16＋512）疾影黑,-,-,iQOO Neo11 全网通5G 16GB+512GB 疾影黑
iQOO15  5G(16+512)传奇版,-,-,iQOO 15 全网通5G 16GB+512GB 传奇版
iQOO15  5G(16+1T)凌云,-,-,iQOO 15 全网通5G 16GB+1TB 凌云
2025版ipad第11代（A16 A3354)128GWIFI银色,檀木健发梳,-,Apple iPad 2025款/第11代 11英寸 WiFi版 128GB 银色
2025版ipad第11代（A16 A3354)256GWIFI银色,檀木健发梳,-,Apple iPad 2025款/第11代 11英寸 WiFi版 256GB 银色
2025版ipad第11代（A16 A3354)256GWIFI蓝色,檀木健发梳,-,Apple iPad 2025款/第11代 11英寸 WiFi版 256GB 蓝色
2024版ipad Air6 11寸(A2902)128GWifi灰,-,-,Apple iPad Air 2024款 11英寸 WiFi版 128GB 深空灰色
2025版ipad Air7 11寸 (A3266)128GWifi星光色,-,-,Apple iPad Air 2025款/第7代 11英寸 WiFi版 128GB 星光色
2025版ipad Air7 11寸 (A3266)128GWifi深空灰,-,-,Apple iPad Air 2025款/第7代 11英寸 WiFi版 128GB 深空灰色
2025版ipad Air7 11寸 (A3266)256GWifi星光色,-,-,Apple iPad Air 2025款/第7代 11英寸 WiFi版 256GB 星光色
2025版ipad Air7 11寸 (A3266)256GWifi深空灰,-,-,Apple iPad Air 2025款/第7代 11英寸 WiFi版 256GB 深空灰色
2022款华为Matebook E Go性能版 GK-G76 (高通骁龙8cx Gen 3) 16+512演示机雪域白+雪域白,-,-,华为 MateBook E Go 骁龙8cx Gen2 16GB+512GB 性能版 雪域白键盘
华为Nova FlipS(PSD-AL80)12+512零度白,-,-,华为 nova Flip S 全网通 512GB 零度白
华为Nova FlipS(PSD-AL80)12+512樱语粉,-,-,华为 nova Flip S 全网通 512GB 樱语粉
华为Pura80Pro+ LMR-AL10 16+512釉红,-,-,华为 Pura 80 Pro+ 全网通 16GB+512GB 釉红
Watch5 RTS-AL00 46mm 苍穹黑 氟橡胶表带苍穹黑,Xiaomi Watch 5 智能手表,-,华为 WATCH 5 智能手表 46mm 不锈钢 苍穹黑 氟橡胶表带
华为WatchD2(LCA-B11)腕部心电血压记录仪 演示机晨曦金＋白色复合素皮,-,-,华为 WATCH D2 腕部动态血压记录仪 晨曦金铝合金表壳 白色复合素皮表带 [LCA-B10]
苹果15plus（A3096）256G粉色,-,-,iPhone 15 Plus 全网通5G版 256GB 粉色
苹果16Plus（A3291) 128G白色,-,-,iPhone 16 plus 全网通5G 128GB 白色
苹果16Plus（A3291) 256G白色,-,-,iPhone 16 plus 全网通5G 256GB 白色
苹果16Pro（A3294)128G白色钛金属,-,-,iPhone 16 pro 全网通5G 128GB 白色钛金属
苹果16Pro（A3294)512G黑色钛金属,-,-,iPhone 16 pro 全网通5G 512GB 黑色钛金属
苹果16Pro（A3294)512G沙漠色钛金属,-,-,iPhone 16 pro 全网通5G 512GB 沙漠色钛金属
苹果16ProMax（A3297) 512G沙漠色钛金属,-,-,iPhone 16 Pro Max权益版 全网通5G 512GB  沙漠色钛金属
苹果16e（A3410) 256G白色,-,-,iPhone 16e 全网通5G 256GB 白色
苹果17（A3521)256G青雾蓝色,-,-,iPhone 17 全网通5G 256GB 青雾蓝色
华为WatchD2(LCA-B11)腕部心电血压记录仪 演示机晨曦金+白色复合素皮,-,-,华为 WATCH D2 腕部动态血压记录仪 晨曦金铝合金表壳 白色复合素皮表带 [LCA-B10]
苹果17（A3521)256G鼠尾草绿色,-,-,iPhone 17 全网通5G 256GB 鼠尾草绿色
苹果17promax（A3527)256G银色,-,-,iPhone 17 Pro Max 全网通5G 256GB 银色
苹果17promax（A3527)256G深蓝色,-,-,iPhone 17 Pro Max 全网通5G 256GB 深蓝色
苹果17promax（A3527)256G星宇橙色,-,-,iPhone 17 Pro Max 全网通5G 256GB 星宇橙色
苹果17promax（A3527)512G银色,-,-,iPhone 17 Pro Max 全网通5G 512GB 银色
苹果17promax（A3527)512G星宇橙色,-,-,iPhone 17 Pro Max 全网通5G 512GB 星宇橙色
苹果17promax（A3527)512G深蓝色,-,-,iPhone 17 Pro Max 全网通5G 512GB 深蓝色
苹果17pro（A3524)256G深蓝色,-,-,iPhone 17 Pro 全网通5G 256GB 深蓝色
苹果17pro（A3524)256G星宇橙色,-,-,iPhone 17 Pro 全网通5G 256GB 星宇橙色
苹果17pro（A3524)256G银色,-,-,iPhone 17 Pro 全网通5G 256GB 银色
苹果17pro（A3524)512G星宇橙色,-,-,iPhone 17 Pro 全网通5G 512GB 星宇橙色
苹果17pro（A3524)512G银色,-,-,iPhone 17 Pro 全网通5G 512GB 银色
苹果17pro（A3524)1TG深蓝色,-,-,iPhone 17 Pro 全网通5G 1TB 深蓝色
苹果17pro（A3524)1TG银色,-,-,iPhone 17 Pro 全网通5G 1TB 银色
苹果17promax（A3527)1T星宇橙色,-,-,iPhone 17 Pro Max 全网通5G 1TB 星宇橙色
苹果17promax（A3527)1T银色,-,-,iPhone 17 Pro Max 全网通5G 1TB 银色
优品二手机苹果11Pro 256G绿,檀木健发梳,-,#N/A
优品二手机苹果13Pro 128G金,檀木健发梳,-,iPhone 13 Pro 全网通5G 128GB 金色
优品二手机苹果12 128G白,檀木健发梳,-,iPhone 12 全网通5G 128GB 白色
华为WatchD2 (LCA-B11)腕部心电血压记录仪幻夜黑,-,-,华为 WATCH D2 腕部动态血压记录仪 幻夜黑铝合金表壳 黑色氟橡胶表带 [LCA-B10]
优品二手机苹果13ProMax 256G蓝,檀木健发梳,-,iPhone 13 Pro Max 全网通5G 256GB 远峰蓝色
优品二手机苹果12Promax 256G黑,檀木健发梳,-,iPhone 12 Pro Max 全网通5G 256GB 石墨色
优品二手机苹果12Promax 256G蓝,檀木健发梳,-,iPhone 12 Pro Max 全网通5G 256GB 海蓝色
优品二手机苹果8plus 64G黑,檀木健发梳,-,iPhone 8 Plus 全网通 64G 深空灰色
优品二手机苹果XR 128G红,檀木健发梳,-,iPhone XR 全网通 128G 红色
优品二手机苹果XR 128G黑,檀木健发梳,-,iPhone XR 全网通 128G 黑色
华为WatchD2(LCA-B11)腕部心电血压记录仪 演示机幻夜黑＋黑色氟橡胶,-,-,华为 WATCH D2 腕部动态血压记录仪 幻夜黑铝合金表壳 黑色氟橡胶表带 [LCA-B10]
华为WatchD2(LCA-B11)腕部心电血压记录仪 演示机幻夜黑+黑色氟橡胶,-,-,华为 WATCH D2 腕部动态血压记录仪 幻夜黑铝合金表壳 黑色氟橡胶表带 [LCA-B10]
华为WatchGT6Pro 46mm （ATM-B29）钛色钛金属表带曜石黑,-,-,华为 WATCH GT 6 Pro 智能手表 46mm 钛空银 钛色钛金属表带
优品二手机苹果12Pro 256G蓝,檀木健发梳,-,iPhone 12 Pro 全网通5G 256GB 海蓝色
华为WatchGT6Pro 46mm （ATM-B29）黑色氟橡胶表带钛空银,-,-,华为 WATCH GT 6 Pro 智能手表 46mm 曜石黑 黑色氟橡胶表带
华为智慧屏SPRO65"120HZ（HD65KANS)3+32G演示机星际黑（汇通）,-,-,华为 智慧屏S系列（旧版） S Pro 65 3GB+32GB 星际黑
优品二手机苹果IPAD6 128G金,檀木健发梳,-,Apple iPad 2020款 10.2英寸 128GB 金色
华为智慧屏SPRO65"120HZ（HD65KANS)3+32G演示机星际黑（新时代）,-,-,华为 智慧屏S系列（旧版） S Pro 65 3GB+32GB 星际黑
优品二手机苹果13 256G白,檀木健发梳,-,iPhone 13 全网通5G 256GB 星光色
2026款华为MatePad鸿蒙 11.5 (TXZ-W10) 8+128海岛蓝,-,-,华为平板 MatePad 2026款 （TXZ-W10）11.5英寸 WIFI版 8GB+128GB 海岛蓝
优品二手机苹果12 256G黑,檀木健发梳,-,iPhone 12 全网通5G 256GB 黑色
2026款华为MatePad鸿蒙 11.5 (TXZ-W10) 8+128深空灰,-,-,华为平板 MatePad 2026款 （TXZ-W10）11.5英寸 WIFI版 8GB+128GB 深空灰
优品二手机苹果13Pro256G蓝,檀木健发梳,-,iPhone 13 Pro 全网通5G 256GB 远峰蓝色
优品二手机苹果14 128G黑,檀木健发梳,-,iPhone 14 全网通5G版 128GB 午夜色
2026款华为MatePad鸿蒙 11.5柔光版 (TXZ-W20) 12+256海岛蓝,-,-,华为平板 MatePad 2026款 柔光版（TXZ-W20）11.5英寸 WIFI版 12GB+256GB 海岛蓝
2026款华为MatePad 11.5柔光版（TXZ-W20)8+128演示机海岛蓝,-,-,华为平板 MatePad 2026款 柔光版（TXZ-W20）11.5英寸 WIFI版 8GB+128GB 海岛蓝
2026款华为MatePad 11.5柔光版（TXZ-W20)8+128演示机海岛蓝+样机,-,-,华为平板 MatePad 2026款 柔光版（TXZ-W20）11.5英寸 WIFI版 8GB+128GB 海岛蓝
优品二手机苹果14Promax 128紫,檀木健发梳,-,iPhone 14 Pro Max 全网通5G版 128GB 暗紫色
2026款华为MatePad鸿蒙 11.5柔光版 (TXZ-W20) 8+128深空灰,-,-,华为平板 MatePad 2026款 柔光版（TXZ-W20）11.5英寸 WIFI版 8GB+128GB 深空灰
优品二手机苹果14Promax 256G紫,檀木健发梳,-,iPhone 14 Pro Max 全网通5G版 256GB 暗紫色
优品二手机苹果14Promax 256G金,檀木健发梳,-,iPhone 14 Pro Max 全网通5G版 256GB 金色
优品二手机苹果14Promax 256G银,檀木健发梳,-,iPhone 14 Pro Max 全网通5G版 256GB 银色
优品二手机苹果14Promax 256G黑,檀木健发梳,-,iPhone 14 Pro Max 全网通5G版 256GB 深空黑色
优品二手机苹果14 256G白,檀木健发梳,-,iPhone 14 全网通5G版 256GB 星光色
优品二手机苹果14 256G黑,檀木健发梳,-,iPhone 14 全网通5G版 256GB 午夜色
优品二手机苹果 Pencil笔,檀木健发梳,-,Apple Pencil (USB-C) 白色
2026款华为MatePad鸿蒙 11.5柔光版 (TXZ-W20) 8+256海岛蓝,-,-,华为平板 MatePad 2026款 柔光版（TXZ-W20）11.5英寸 WIFI版 8GB+256GB 海岛蓝
优品二手机苹果15ProMax 256黑,檀木健发梳,-,iPhone 15 Pro Max 全网通5G版 256GB 黑色钛金属
优品二手机苹果15ProMax 256白,檀木健发梳,-,iPhone 15 Pro Max 全网通5G版 256GB 白色钛金属
优品二手机苹果15ProMax 256原,檀木健发梳,-,iPhone 15 Pro Max 全网通5G版 256GB 原色钛金属
优品二手机苹果15ProMax 256蓝,檀木健发梳,-,iPhone 15 Pro Max 全网通5G版 256GB 蓝色钛金属
优品二手机苹果15 256G蓝,檀木健发梳,-,iPhone 15 全网通5G版 256GB 蓝色
优品二手机苹果15ProMax 512白,檀木健发梳,-,iPhone 15 Pro Max 全网通5G版 512GB 白色钛金属
优品二手机苹果15ProMax 512原,檀木健发梳,-,iPhone 15 Pro Max 全网通5G版 512GB 原色钛金属
优品二手机苹果15Pro 256蓝,檀木健发梳,-,iPhone 15 Pro 全网通5G版 256GB 蓝色钛金属
优品二手机苹果MACBOOK Air M2 8+256黑,檀木健发梳,-,苹果 MacBook Air M2版 13.6英寸 M2 8GB 256GB固态 8核集显 午夜色
优品二手机苹果15Plus 256G蓝,檀木健发梳,-,iPhone 15 Plus 全网通5G版 256GB 蓝色
优品二手机苹果14Plus 256白,檀木健发梳,-,iPhone 14 Plus 全网通5G版 256GB 星光色
优品二手机苹果16Promax 256G白,檀木健发梳,-,iPhone 16 pro Max 全网通5G 256GB 白色钛金属
优品二手机苹果16Promax 256G原,檀木健发梳,-,iPhone 16 pro Max 全网通5G 256GB 原色钛金属
优品二手机苹果手表 S8 41mm 蜂窝版星光,-,-,苹果 Apple Watch Series 8 铝金属系列 GPS+蜂窝数据版 41毫米 星光色铝金属表壳 星光色运动型表带 [MNJ03CH/A]
优品二手机苹果16Pro 256G金,檀木健发梳,-,iPhone 16 pro 全网通5G 256GB 沙漠色钛金属
优品二手机苹果16Pro 256G白,檀木健发梳,-,iPhone 16 pro 全网通5G 256GB 白色钛金属
优品二手机华为手表GT2 46mm运动版黑,檀木健发梳,-,
优品二手机华为P40pro 8+128灰,檀木健发梳,-,
2026款华为MatePad鸿蒙 11.5柔光版 (TXZ-W20) 8+256深空灰,-,-,
华为手环10(NOR-B19)聚合纤维表壳标准版羽砂黑,-,-,
优品二手机华为NOVA4 8+128红,檀木健发梳,-,
优品二手机华为畅享20SE 8+128黑,檀木健发梳,-,
2025款华为智慧屏 MateTV 65英寸 8+128  深空灰演示机深空灰,-,-,
优品二手机华为P50Pocket 4G 8+256黑,檀木健发梳,-,
优品二手机华为Mate30Pro 5G 8+256银,檀木健发梳,-,
优品二手机华为Mate40 RS 8+256黑,檀木健发梳,-,
2025款华为智慧屏S6Pro 85"（HD8XAJMS)4+128G曜石灰,-,-,
优品二手机华为Mate50 8+256黑,檀木健发梳,-,
2025款苹果手表SE3 40mm（A3391）GPS版样品星光色＋星光色运动表带M/L,-,-,
优品二手机华为watch4 时尚版银,檀木健发梳,-,
苹果S10 运动版（A3000）46mm手表银色+丹宁运动表带M/L,-,-,
苹果S10 运动版（A3000）46mm手表银色＋单宁色表带S/M,-,-,
苹果S11 运动版 GPS 42mm(A3450)亮黑色+黑色M/L,-,-,
优品二手机华为Nova11 8+512黑,檀木健发梳,-,
苹果S11 运动版 GPS 46mm(A3451）亮黑色+黑色运动表带M/L,-,-,
苹果S11 运动版 GPS 46mm(A3451）深空灰+黑色,-,-,
苹果S11 运动型(A3451) GPS版本46mm样品深空灰＋黑色运动表带M/L,-,-,
优品二手机华为MATE70 12+512白,檀木健发梳,-,
优品二手机华为FreeClip耳机金,檀木健发梳,-,
优品二手机华为watch GT2 46mm黑,檀木健发梳,-,
苹果S11 运动版 GPS 46mm(A3451）银色+紫色,-,-,
荣耀X70i(ABR-AN00)12+256AI版绒黑色,荣耀X70i AI版,荣耀X70i AI版 全网通5G 12GB+256GB 绒黑色,
荣耀畅玩60A 5G(NIA-AN00)6+128碧空蓝,-,-,
荣耀畅玩60A 5G(NIA-AN00)6+128海湖青,-,-,
荣耀畅玩60A 5G(NIA-AN00)6+128墨岩黑,-,-,
优品二手机华为Nova12 8+256黑,檀木健发梳,-,
优品二手机华为MateX7 16+512黑,檀木健发梳,-,
荣耀手表X5 Link 皮革表带（LWS-WB10）演示机幻夜黑,荣耀手表 X5,荣耀手表 X5 幻夜黑,
荣耀手表FIT雅致版（IVY-B39)演示机单宁蓝+牛仔布纹皮表带,-,-,
一加ACE6T 5G(16+256)掠影绿,-,-,
优品二手机欧珀FindN3 Filp 12+256粉,-,-,
一加ACE6T 5G(16+256)闪速黑,-,-,
优品二手机苹果11 128G黑,檀木健发梳,-,
优品二手机小米14 12+256绿,-,-,
优品二手机红米Note15pro+ 16+512黑,-,-,
优品二手机 IQOOZ3 8+256黑,-,-,
优品二手机VIVO S7 8+128黑,-,-,
优品二手机苹果X 256G银,檀木健发梳,-,
优品二手机VIVO XFLiP 12+512紫,VIVO X Flip,-,
优品二手Vivo Y5s 6+128G蓝,vivo Y5s,vivo Y5s 全网通5G版 6GB+128GB 流光银,
优品二手机VIVO S9e 8+256蓝,vivo S9e,-,
优品二手机荣耀20Pro 8+256黑,-,-,
优品二手机荣耀30青春 8+128蓝,-,-,
优品二手机荣耀Magic3至臻版 12+512黑,荣耀Magic3 至臻版,荣耀Magic3 至臻版 全网通5G版 12GB+512GB 陶瓷黑,
优品二手机荣耀70 12+256绿,-,-,
优品二手机荣耀70 12+256青,-,-,
优品二手机荣耀X50 16+512黑,荣耀X50,荣耀X50 全网通5G版 16GB+512GB 典雅黑,
优品二手机苹果13 128G白,檀木健发梳,-,
优品二手机荣耀90 Pro 16+256黑,-,-,
优品二手机苹果13 128G黑,檀木健发梳,-,
优品二手机荣耀400Pro 12+512蓝,-,-,
优品二手机荣耀X60 12+512青,荣耀X60,荣耀X60 全网通5G 12GB+512GB 典雅黑,
优品二手机苹果IPAD AIR2 64G金,檀木健发梳,-,
优品二手机苹果11PRO Max 64G绿,檀木健发梳,-,
优品二手机三星Z Fold4(12G+256G)黑,三星Z Fold4机模,-,
优品二手机苹果IPAD8 128G金,檀木健发梳,-,
报废机,檀木健发梳,-,
巨豆豆S866 4G全网通红色,-,-,
巨豆豆S866 4G全网通黑色,-,-,
巨豆豆S738翻盖 4G全网通红色,-,-,
巨豆豆S738翻盖 4G全网通黑色,-,-,
一加ACE6 5G(12+512)闪白,-,-,
一加ACE6 5G(12+512)竞黑,-,-,
一加ACE6 5G(16+512)闪白,-,-,
一加ACE6 5G(16+512)竞黑,-,-,
一加ACE6 5G(16+512)快银,-,-,
一加ACE6T 5G(16+512)掠影绿,-,-,
一加ACE6T 5G(16+512)电光紫,-,-,
一加ACE6T 5G(16+512)闪速黑,-,-,
优品二手机苹果12 256G蓝,檀木健发梳,-,
优品二手机苹果7 32G黑,檀木健发梳,-,
一加ACE5至尊版 5G(12+512)燃力钛,-,-,
一加15 5G(16+512)雾光紫,檀木健发梳,-,
一加15 5G(16+512)原色沙丘,檀木健发梳,-,
一加15 5G(16+256)原色沙丘,檀木健发梳,-,
优品二手机苹果6 32G黑,檀木健发梳,-,
欧珀WatchS (OWW262)演示机竞速黑,檀木健发梳,-,
欧珀WatchS (OWW262)演示机跃动绿茵,檀木健发梳,-,
欧珀Watch X2演示机千峰蔚蓝,OPPO Watch X2 Mini 全智能手表,-,
欧珀Watch X2Mini演示机皓月银,-,-,
欧珀Watch X2Mini演示机明日金,-,-,
欧珀平板Pad4pro 12+256 wifi版演示机深空灰,-,-,
欧珀平板Pad4pro 12+256 wifi版演示机晨曦微光,-,-,
欧珀平板Padse柔光版 8+256 wifi版演示机夜幕蓝,檀木健发梳,-,
欧珀平板Pad5 柔光版12+256 wifi版演示机幸运紫,赠品 OPPO Pad 5 孙颍莎定制限定立牌,赠品 OPPO Pad 5 孙颍莎定制限定立牌 紫色,
欧珀A5Pro 5G(12+512)演示机砂岩紫,OPPO A5 Pro,OPPO A5 Pro 全网通5G版 12GB+512GB 砂岩紫,
欧珀A5活力版 5G(12+256)演示机玛瑙粉,OPPO A5,OPPO A5 全网通5G版 12GB+256GB 晶钻粉,
欧珀A5活力版 5G(12+256)演示机玉石绿,OPPO A5,OPPO A5 全网通5G版 12GB+256GB 锆石黑,
OPPOA5X 5G(8+256)演示机水晶粉,-,-,
欧珀A6Pro 5G(16+256)演示机流水生金,OPPO A6 Pro,OPPO A6 Pro 全网通5G版 16GB+256GB 流水生金,
欧珀A6 5G(12+256)演示机粉梦生花,OPPO A6,OPPO A6 全网通5G版 12GB+256GB 粉梦生花,
欧珀A6 5G(12+256)演示机丝绒灰,OPPO A6,OPPO A6 全网通5G版 12GB+256GB 丝绒灰,
OPPO Reno15 5G 16+512演示机极光蓝,-,-,
OPPO Reno15 5G 16+512演示机星光蝴蝶结,-,-,
OPPO Reno15pro 5G 16+512演示机星光蝴蝶结,OPPO Reno 15 Pro,OPPO Reno 15 Pro 全网通5G版 16GB+512GB 星光蝴蝶结,
OPPO Reno15pro 5G 16+512演示机蜜糖金,OPPO Reno 15 Pro,OPPO Reno 15 Pro 全网通5G版 16GB+512GB 蜜糖金,
优品二手机苹果14Pro 256G银,檀木健发梳,-,
欧珀Find N5 5G(16+512)演示机暮紫,OPPO Find N5,OPPO Find N5 全网通5G版 16GB+512GB 暮紫,
欧珀Find X8S (16+512)演示机月光白,OPPO Find X8s 光彩磁吸保护壳,-,
欧珀Find X8S+ (16+512)演示机风信紫,OPPO Find X8s 光彩磁吸保护壳,-,
欧珀Find X8Ultra (16+512)演示机星野黑,OPPO Find X8 Ultra,OPPO Find X8 Ultra 全网通5G版 16GB+512GB 星野黑,
欧珀Find X9Pro (16+512)演示机绒砂钛, OPPO Find X9 Pro 孙颖莎定制限定手机壳,-,
欧珀Find X9Pro (16+512)演示机追光红, OPPO Find X9 Pro 孙颖莎定制限定手机壳, OPPO Find X9 Pro 孙颖莎定制限定手机壳 红色,
欧珀Find X9 (16+512)演示机绒光钛,OPPO Find X9 孙颖莎定制限定手机壳,-,
欧珀Find X9 (16+512)演示机霜白,OPPO Find X9 孙颖莎定制限定手机壳,-,
欧珀K13Turbo Pro 5G(16+512)演示机骑士银,-,-,
欧珀一加13T 5G(16+1T)演示机晨雾灰,檀木健发梳,-,
欧珀一加ACE5竞速版 5G 16+512 演示机逐浪白,-,-,
欧珀一加ACE5至尊版 5G 16+512 演示机清风蓝,-,-,
欧珀一加15 5G(16+512)演示机原色沙丘,檀木健发梳,-,
欧珀一加15 5G(16+512)演示机雾光紫,檀木健发梳,-,
欧珀一加ACE6 5G(16+512)演示机闪白,-,-,
一加ACE6T 5G(16+512)演示机掠影绿,-,-,
Vivo Y300Pro+ 5G(12+512)演示机星空银,vivo Y300 Pro+,vivo Y300 Pro+ 全网通5G 12GB+512GB 星空银,
Vivo Y300Pro+ 5G(12+512)演示机微粉,vivo Y300 Pro+,vivo Y300 Pro+ 全网通5G 12GB+512GB 微粉,
Vivo X200Pro 5G(16+512)演示机宝石蓝,vivo X200 pro,vivo X200 pro 全网通5G 16GB+512GB 宝石蓝,
Vivo Y300i 5G 12+256演示机雾凇蓝,vivo Y300i,vivo Y300i 全网通5G 12GB+256GB 雾松蓝,
Vivo Y300i 5G 12+256演示机钛色,vivo Y300i,vivo Y300i 全网通5G 12GB+256GB 钛色,
Vivo X200s 5G(12+512)演示机薄荷蓝,vivo X200s保护壳,-,
VIVO PADSE (PA2511)8+128演示机深灰色,-,-,
VIVO PAD5Pro(PA2573)12+256演示机寒星灰,vivo Pad5 Pro 智能触控键盘,vivo Pad5 Pro 智能触控键盘 新月灰,
Vivo X200ULtra 5G(16+512)演示机银调,vivo X200 Ultra,vivo X200 Ultra 全网通5G 16GB+512GB 银调,
Vivo S30PROmini 5G(12+512)演示机可可黑,vivo S30 Pro mini,vivo S30 Pro mini 全网通5G 12GB+512GB 可可黑,
Vivo S30PROmini 5G(12+512)演示机薄荷青,vivo S30 Pro mini,vivo S30 Pro mini 全网通5G 12GB+512GB 薄荷青,
Vivo S30 5G(12+512)演示机桃桃粉,vivo S30,vivo S30 全网通5G 12GB+512GB 桃桃粉,
Vivo X FOLD5 5G(16+512)演示机钛度,vivo X Fold5,vivo X Fold5 全网通5G 16GB+512GB 钛度,
VIVO Y50 5G(6+128)演示机天青,vivo Y50,vivo Y50 全网通5G 6GB+128GB 天青,
VIVO Y50 5G(6+128)演示机白金,vivo Y50,vivo Y50 全网通5G 6GB+128GB 白金,
Vivo Y500 5G 12+512演示机冰川蓝,vivo Y500,vivo Y500 全网通5G 12GB+512GB 冰川蓝,
Vivo Y500 5G 12+512演示机龙晶紫,vivo Y500,vivo Y500 全网通5G 12GB+512GB 龙晶紫,
Vivo X300 12+512演示机自在蓝,vivo X300,vivo X300 全网通5G 12GB+512GB 自在蓝,
Vivo X300 12+512演示机幸运彩,vivo X300,vivo X300 全网通5G 12GB+512GB 幸运彩,
Vivo X300Pro 16+512演示机旷野棕,vivo X300 Pro,vivo X300 Pro 全网通5G 16GB+512GB 旷野棕,
Vivo X300Pro 16+512演示机简单白,vivo X300 Pro,vivo X300 Pro 全网通5G 16GB+512GB 简单白,
Vivo Watch GT2 蓝牙版演示机原点黑,-,-,
Vivo Watch GT2 蓝牙版演示机空格白,-,-,
VIVO PAD5E (PA2535)8+256演示机灰常好,vivo Pad5e 12.1英寸,vivo Pad5e 12.1英寸 WiFi版 8GB+256GB 灰常好,
Vivo Watch5 蓝牙版演示机辰夜黑,vivo WATCH 5 蓝牙版,vivo WATCH 5 蓝牙版 软胶 辰夜黑,
VIVO Y500pro 5G(12+512)演示机柔粉,vivo Y500 Pro,vivo Y500 Pro 全网通5G 12GB+512GB 柔粉,
VIVO Y500pro 5G(12+512)演示机祥云金,vivo Y500 Pro,vivo Y500 Pro 全网通5G 12GB+512GB 祥云金,
Vivo(X300PRO)摄影套装（蔡司2.35x长焦增距镜+专业摄影手柄+转接环）演示机银色,-,-,
Vivo S50PROmini 5G(12+512)演示机灵感紫,vivo S50 Pro mini,vivo S50 Pro mini 全网通5G 12GB+512GB 灵感紫,
Vivo S50PROmini 5G(12+512)演示机告白,vivo S50 Pro mini,vivo S50 Pro mini 全网通5G 12GB+512GB 告白,
Vivo S50 5G(12+512)演示机告白,vivo S50,vivo S50 全网通5G 12GB+512GB 告白,
Vivo S50 5G(12+512)演示机悠悠蓝,vivo S50,vivo S50 全网通5G 12GB+512GB 悠悠蓝,
华为智慧屏v55i-A(4G+64G)演示机星际黑,-,-,
优品二手机苹果14Pro 256G黑,檀木健发梳,-,
华为智慧屏SPRO65"120HZ（HD65KANS)3+32G演示机星际黑,-,-,
优品二手机苹果14Promax 128银,檀木健发梳,-,
2021款华为智慧屏v75演示机星际黑,-,-,
华为智慧屏SPRO55"120HZ（HD55KANS)3+16G演示机星际黑,-,-,
华为智慧屏SE55"畅连通话版（HD55DESZ)2+16G演示机,檀木健发梳,-,
华为智慧屏SE55"畅连通话版（HD55DESZ)2+16G演示机星际黑,-,-,
华为智慧屏SPRO75"120HZ（HD75KANS)3+32G演示机星际黑,-,-,
2022款华为智慧屏V65(55051101)6+64演示机星际黑,-,-,
2023款华为智慧屏V75(HD75FRUB)6+64演示机星际黑,-,-,
华为智慧屏S3PRO65"（HD65AJMS)4+64GS演示机曜石灰,-,-,
华为智慧屏S3PRO65"（HD65AJMS)4+64GS演示机,檀木健发梳,-,
华为智慧屏S3PRO75"（HD75AJMS)4+64GS演示机曜石灰,-,-,
华为智慧屏S3PRO86"（HD86AJMS)4+64G演示机曜石灰,-,-,
华为智慧屏V5PRO75"（HD75ARKA) 6+128演示机深空灰,-,-,
华为智慧屏V5 75" (HD75ARKB)6+64G演示机深空灰样,华为智慧屏 V5 85英寸,华为智慧屏 V5 85英寸 6GB+64GB 深空灰,
2024款华为智慧屏S5PRO75"（HD75AJMN)4+128G演示机曜石灰,-,-,
2024款华为智慧屏S5PRO65"（HD65AJMN)4+128G演示机曜石灰,-,-,
华为智慧屏Vision SE3 55"（HD55KUNA)2+32G演示机星际黑,-,-,
2025款华为智慧屏S6 85"（HD85KULX)4+128G演示机星空灰,华为智慧屏 S6 85英寸,华为智慧屏 S6 85英寸 4GB+128GB 星空灰,
2025款华为智慧屏S6 75"（HD75KULX)4+128G演示机星空灰,华为智慧屏 S6 85英寸,华为智慧屏 S6 85英寸 4GB+128GB 星空灰,
2025款华为智慧屏S6 65"（HD65KULX)4+128G演示机星空灰,华为智慧屏 S6 85英寸,华为智慧屏 S6 85英寸 4GB+128GB 星空灰,
2025款华为智慧屏MateTV Pro 75寸 （HD75EDLJ) 12+256 演示机深空灰,华为智慧屏 MateTV Pro 75英寸,华为智慧屏 MateTV Pro 75英寸 12GB+256GB 深空灰,
2025款华为智慧屏MateTV 98寸 （HD98EDLJ) 8+128演示机深空灰,-,-,
优品二手机苹果14ProMax 512金,檀木健发梳,-,
华为MatePad 10.4(BAH3-W09)4G+64G演示机贝母白,-,-,
华为MatePad 10.4(BAH3-W09)4G+64G演示机夜阑灰,-,-,
2023款华为MatePad 11.5柔光版(BTK-W00)8+128演示机海岛蓝,-,-,
2023款华为MatePad 11.5柔光版(BTK-W00)8+128演示机深空灰,-,-,
2023款华为MatePad Pro13.2（PCE-W30）12+256 演示机曜金黑,-,-,
2023款华为MatePad Pro13.2（PCE-W30）12+256 演示机晶钻白,-,-,
2024款华为MatePad SE 11英寸(AGS6-W00)8+256演示机星海蓝,华为平板 MatePad SE （AGS6-W00）11英寸,华为平板 MatePad SE （AGS6-W00）11英寸 WIFI版 8GB+256GB 星海蓝,
2024款华为MatePad SE 11英寸(AGS6-W00)8+256演示机天海蓝,华为平板 MatePad SE （AGS6-W00）11英寸,华为平板 MatePad SE （AGS6-W00）11英寸 WIFI版 8GB+256GB 星海蓝,
2024款华为MatePad SE 11英寸(AGS6-W00)8+256演示机星云灰,华为平板 MatePad SE （AGS6-W00）11英寸,华为平板 MatePad SE （AGS6-W00）11英寸 WIFI版 8GB+256GB 星海蓝,
2024款华为MatePad Pro 12.2寸柔光版(MRO-W00)12+256演示机流金,品牌 华为 MatePad Pro 11英寸 钢化保护膜,-,
2024款华为MatePad Pro 12.2寸柔光版(MRO-W00)12+256演示机宣白,品牌 华为 MatePad Pro 11英寸 钢化保护膜,-,
2024款华为MatePad Pro 12.2寸(MRO-W00)12+256演示机砚黑,品牌 华为 MatePad Pro 11英寸 钢化保护膜,-,
2024款HiMatePad 11.5寸柔光版(BRO-W00)8+128演示机深空灰,檀木健发梳,-,
2025款MatepadPro 12.2寸（MRDI-W10) 柔光12+256G演示机飞天青,檀木健发梳,-,
2025款华为MatePad 鸿蒙11.5S柔光版(SLG-W10)12+256演示机羽砂紫,-,-,
2025款华为MatePad 鸿蒙11.5S柔光版(SLG-W10)12+256演示机原野绿,-,-,
2025款华为MatePad 鸿蒙Air12寸(LRT-W20)12G+256G演示机羽砂白,-,-,
2025款华为MatePad 鸿蒙Air12寸(LRT-W20)12G+256G演示机草木绿,-,-,
2025款Matepad Mini8.8寸(MLR-AL10) 12+512演示机云杉绿,-,-,
2025款Matepad Mini8.8寸柔光版(MLR-AL10) 12+512演示机雪域白,-,-,
优品二手机华为Mate30 5G 8+128紫,檀木健发梳,-,
优品二手机华为畅享10E 4+64绿,檀木健发梳,-,
华为畅享70X (BRE-AL80)8+256演示机曜金黑,-,-,
华为畅享70X (BRE-AL80)8+256演示机雪域白,-,-,
华为畅享70X (BRE-AL80)8+256演示机湖光青,-,-,
华为畅享70X活力 (BRE-AL00b)8+256演示机冰晶蓝,-,-,
华为畅享70X活力 (BRE-AL00b)8+256演示机曜金黑,-,-,
华为畅享70X活力 (BRE-AL00b)8+256演示机雪域白,-,-,
华为畅享80(JUY-AL00)8+128演示机曜金黑,-,-,
华为畅享80(JUY-AL00)8+128演示机天际白,-,-,
华为畅享80(JUY-AL00)8+128演示机天青蓝,-,-,
华为畅享80(JUY-AL00)8+512演示机原野绿,-,-,
华为Nova Flip (PSD-AL00)12+256演示机向新绿,-,-,
华为Nova Flip (PSD-AL00)12+256演示机樱语粉,-,-,
华为Nova Flip (PSD-AL00)12+256演示机零度白,-,-,
华为Nova Flip (PSD-AL00)12+256演示机星耀黑,-,-,
华为Nova13 (BLK-AL80)12+256演示机羽砂白,-,-,
华为Nova13 (BLK-AL80)12+256演示机羽纱白,-,-,
华为Nova13Pro (MRS-AL00)12+512演示机星耀黑,-,-,
华为Nova13Pro (MRS-AL00)12+512演示机羽砂白,-,-,
华为Nova13鸿蒙5 (BLK-AL80)12+256演示机星耀黑,-,-,
华为Nova13鸿蒙5 (BLK-AL80)12+256演示机羽砂白,-,-,
华为NOVA14Ultra (MRT-AL10)12+256演示机流光紫,-,-,
华为NOVA14Ultra (MRT-AL10)12+256演示机曜金黑,-,-,
华为NOVA14Ultra (MRT-AL10)12+256演示机浮光白,-,-,
华为NOVA14Ultra (MRT-AL10)12+256演示机浮光金,-,-,
华为NOVA14PRO (MIA-AL00)12+256演示机冰晶蓝,-,-,
华为NOVA14PRO (MIA-AL00)12+256演示机冰晶粉,-,-,
华为NOVA14 (TLR-AL00)12+256演示机凝霜白,-,-,
华为NOVA14 (TLR-AL00)12+256演示机冰晶蓝,-,-,
华为NOVA14 (TLR-AL00)12+256演示机羽砂黑,-,-,
华为NOVA14活力版 (TYR-AL00)12+256演示机羽砂黑,-,-,
华为NOVA14活力版 (TYR-AL00)12+256演示机凝霜白,-,-,
华为NOVA14活力版 (TYR-AL00)12+256演示机冰晶蓝,-,-,
华为MateBook E 12.6英寸（DRC-W58)I5-1130G7 8G+256G演示机星云灰,-,-,
华为MateBook 14 KLVD-WFH9 I5-1135G7（16G+512G）锐矩Xe 演示机皓月银,-,-,
2022款华为MateBookD15 BODE-WFH9 I5-1155G7 （16+512G）演示机深空灰,-,-,
2022款华为MateBookD16 RLEF-16 i5-12500H(16+512)锐炬Xe演示机深空灰,-,-,
2022款华为MateBook16S CREF-16 I7-12700H(16+512)锐炬Xe触屏演示机深空灰,-,-,
2022款华为MateBook Xpro微绒典藏版 MRGF-16 I7-1260P(16G+512G)锐炬XE触屏 演示机锦白,-,-,
2022款华为Matebook E Go GK-G56 (高通骁龙8cx Gen 2) 16+512全网通演示机星云灰,-,-,
优品二手机华为Mate20 6+128绿,檀木健发梳,-,
优品二手机华为Mate50Pro 8+256G紫,檀木健发梳,-,
2023款华为MateBookD14(MDG-16)Intel 13代  i5-1340P(16+512)Xe演示机皓月银,-,-,
优品二手机华为watch buds黑,檀木健发梳,-,
2023款华为Matebook E DRR-W76 I7-1260U 16+512演示机星云灰,-,-,
2023款华为MateBook 14S HKFG-16 I5-13500H(16G+1TG)13代酷睿 锐炬XE触屏 演示机深空灰,-,-,
2023款华为MateBook14(KLVG-16) i5-1340P(16+1T) 13代 锐炬Xe触屏 演示机深空灰,-,-,
2024款华为MateBookD16 MCLF-16 i5-12450H(16+512)UHD演示机皓月银,-,-,
2024款华为MateBook Xpro微绒典藏版VGHH-32 IntelUltra7 155H(i7-32G+1T)触屏 演示机晴蓝,-,-,
2024款华为MateBook Xpro微绒典藏版VGHH-32 IntelUltra7 155H(i7-32G+1T)触屏 演示机砚黑,-,-,
2024款华为MateBook14 FLMH-16 IntelUltra5 125H(16G+1T)触屏 演示机深空灰,-,-,
2024款华为MateBook14 FLMH-16 IntelUltra5 125H(16G+1T)触屏 演示机皓月银,-,-,
2024款华为MateBook14(FLMH-32) InteUltra5-125H(32+1T) 触屏演示机原野绿,-,-,
2024款华为MateBookXpro微绒典藏(VGHH-32)IntelUltra9 155H 32+2T 触屏演示机拂晓粉,-,-,
2024款华为MateBookD14(MDG-24)Intel 13代  i5-13420H(16+512)演示机皓月银,-,-,
2024款华为MateBookD14(MDG-24)Intel 13代  i5-13420H(16+512)演示机深空灰,-,-,
2024款华为MateBookGT14(ENZH-16) InteUltra5-125H(16+1T) 触屏演示机深空灰,-,-,
2024款华为MateBookGT14(ENZH-16) InteUltra5-125H(16+1T) 触屏演示机皓月银,-,-,
2025款华为MateBookD16 MCLG-16 i5-13420H(16+1T)UHD演示机皓月银,-,-,
Hi MateBook D16 NICG-16(Intel Iris Xe Intel i5-13500H Win11 16GB+1TB)演示机皓月银,-,-,
Hi MateBook D16 NICG-16(Intel Iris Xe Intel i5-13500H Win11 16GB+1TB)演示机深空灰,-,-,
Hi MateBook14 MASH-16 (Intel ARCGraUltra5 125H Win11 16GB+1TB)演示机深空灰,严选 Matebook14 钢化膜,-,
Hi MateBookD14 LYOI-16 (Intel Core5-210H Win11 16GB+1TB)演示机皓月银,-,-,
Hi MateBookD14 LYOI-16 (Intel Core5-210H Win11 16GB+1TB)演示机深空灰,-,-,
2025款华为MateBookPro 鸿蒙版HAD-W32 (32G+1T)触屏 演示机晴蓝,-,-,
2025款华为MateBookPro 鸿蒙版HAD-W32 (32G+1T)触屏 演示机宣白,-,-,
2024款华为MateBookD14(MDG-32)Intel 13代  i5-13420H(16+1T)演示机皓月银,-,-,
Hi MateBook14 MASC-24 (Intel ARCGraUltra5 225H Win11 24GB+1TB)演示机极夜灰,严选 Matebook14 钢化膜,-,
华为MatePad Edge14.2 (QXS-W10)24G+1T演示机深空灰,-,-,
华为Pocket2 LEM-AL00(12+256)演示机洛可可白,-,-,
华为Pocket2 LEM-AL00(12+256)演示机雅黑,-,-,
华为Pocket2 LEM-AL00(12+256)演示机大溪地灰,-,-,
华为Pocket2 LEM-AL00(12+256)演示机芋紫,-,-,
优品二手机华为MateX5 12+512黑,檀木健发梳,-,
优品二手机华为MateX5 16+512黑,檀木健发梳,-,
华为Pocket2 LEM-AL00(12+512)演示机大溪地灰,-,-,
华为mateX6 (ICL-AL10)12+512演示机曜石黑,-,-,
华为mateX6 (ICL-AL10)12+256演示机深海蓝,-,-,
华为mateX6 (ICL-AL10)12+256演示机星云白,-,-,
华为mateX6 (ICL-AL10)12+256演示机寰宇红,-,-,
华为mateX6 (ICL-AL10)12+256演示机星云灰,-,-,
华为PuraX VDE-AL00 (12+256) 演示机零度白,-,-,
华为PuraX VDE-AL00 (12+256) 演示机幻夜黑,-,-,
华为PuraX VDE-AL00 (12+256) 演示机月影灰,-,-,
华为PuraX VDE-AL10 (16+512典藏) 演示机型格绿,-,-,
华为PuraX VDE-AL10 (16+512典藏) 演示机型格红,-,-,
华为mateXTS 三折叠(GRL-AL20)16+512演示机槿紫,-,-,
华为mateXTS 三折叠(GRL-AL20)16+512演示机玄黑,-,-,
华为mateX7 (DEL-AL10)12+256演示机幻影紫,-,-,
华为mateX7 (DEL-AL10)12+256演示机寰宇红,-,-,
华为mateX7 (DEL-AL10)12+256演示机云锦白,-,-,
华为mateX7 (DEL-AL10)12+256演示机云锦蓝,-,-,
华为mateX7 (DEL-AL10)12+256演示机曜石黑,-,-,
华为MateView(HSN-CBA)28.2英寸显示屏演示样机皓月银,-,-,
华为(AD80HW)23.8英寸显示屏演示样机黑色,-,-,
华为MateStation B515(PUL-WDH9B)R5+8+256 4600G演示样机黑色,-,-,
华为MateView GT(XWU-CAA)27英寸SOUND版演示样机黑色,-,-,
华为MateView SE(SSN-24)23.8英寸演示机黑色,-,-,
华为WIKO Hi GT Cube显卡魔方演示机银色,-,-,
华为PixLab X1打印机(CV81-WDM)演示机白,檀木健发梳,-,
华为PixLab X1打印机(CV81-WDM)演示机,檀木健发梳,-,
华为PixLab X1Max打印机(CV81Z-WDMP)演示机灰色,-,-,
Hi畅享80（JLG-AN00)8+256演示机流光金,檀木健发梳,-,
Hi畅享80（JLG-AN00)8+256演示机珍珠白,檀木健发梳,-,
Hi畅享80S（JLG-AN00)8+256演示机曜石黑,檀木健发梳,-,
Hi畅享80S（JLG-AN00)8+256演示机晴空蓝,檀木健发梳,-,
Hi畅享80S（JLG-AN00)8+256演示机珍珠白,檀木健发梳,-,
麦芒40 5G(TYH651M)8+256演示机幻夜黑,檀木健发梳,-,
麦芒40 5G(TYH651M)8+256演示机冰川白,檀木健发梳,-,
Hi畅享80PRO(SHR-AN00)8+256演示机星空黑,檀木健发梳,-,
Hi畅享80PRO(SHR-AN00)8+256演示机晨光白,檀木健发梳,-,
Hi畅享80PRO(SHR-AN00)8+256演示机星海蓝,檀木健发梳,-,
华为WatchGT5Pro 46mm （VL1-B19)黑色氟橡胶表带演示机曜石黑,-,-,
华为WatchGT5Pro 46mm （VL1-B29)钛金属表带演示机钛空银,-,-,
华为WatchGT5Pro 42mm （VL1-B29)白色氟橡胶表带演示机冰川白,-,-,
华为WatchGT5Pro 42mm （VL1-B29)白色陶瓷表带演示机陶瓷白,-,-,
华为WatchD2(LCA-B11)腕部心电血压记录仪 演示机幻夜黑,-,-,
优品二手机华为MateX5 16+512青,檀木健发梳,-,
优品二手机华为MateX5 16+1T黑,檀木健发梳,-,
华为WatchD2(LCA-B11)腕部心电血压记录仪 演示机黑色,-,-,
优品二手机华为Pura70 12+512白,檀木健发梳,-,
华为WatchD2(LCA-B11)腕部心电血压记录仪 演示机白色,-,-,
优品二手机华为畅享10 plus 6+128橙,檀木健发梳,-,
华为WatchD2(LCA-B11)腕部心电血压记录仪 演示机晨曦金,-,-,
华为WatchD2(LCA-B11)腕部心电血压记录仪 演示机星云蓝,-,-,
华为儿童通话手表5X（ALA-AL10）演示机星云粉,-,-,
华为儿童通话手表5X（ALA-AL10）演示机星际蓝,-,-,
华为儿童通话手表5XPRO（AHP-AL10）演示机幻夜黑,-,-,
华为儿童通话手表5XPRO（AHP-AL10）演示机极光紫,-,-,
华为儿童通话手表5（KTY-L10） 演示机仲夏紫,-,-,
华为儿童通话手表5（KTY-L10） 演示机原野绿,-,-,
华为儿童通话手表5Pro（TGR-L10） 演示机冰晶蓝,-,-,
华为儿童通话手表5Pro（TGR-L10） 演示机冰晶粉,-,-,
华为儿童通话手表5Pro（TGR-L10）编织表带 演示机原野绿,-,-,
华为儿童通话手表5Pro（TGR-L10）编织表带 演示机仲夏紫,-,-,
华为Watch FIT3氟橡胶表带 (SLO-B19)演示机幻夜黑,-,-,
华为B7 运动版氟胶表带（FDS-B49）演示机曜金黑,-,-,
华为Watch FIT4氟橡胶表带 (SYA-B19)演示机韵律黑,-,-,
华为Watch FIT4氟橡胶表带 (SYA-B19)演示机韵律黑氟橡胶,-,-,
华为Watch FIT4氟橡胶表带 (SYA-B19)演示机悦动白,-,-,
华为Watch FIT4氟橡胶表带 (SYA-B19)演示机悦动白氟橡胶,-,-,
华为Watch FIT4氟橡胶表带 (SYA-B19)演示机风信紫氟橡胶,-,-,
华为Watch FIT4Pro氟橡胶表带 (SYA-B29)演示机曜石黑氟橡胶,-,-,
华为Watch FIT4Pro氟橡胶表带 (SYA-B29)演示机曜石黑,-,-,
华为Watch FIT4Pro氟橡胶表带 (SYA-B29)演示机海岛蓝氟橡胶,-,-,
华为Watch FIT4Pro氟橡胶表带 (SYA-B29)演示机海岛蓝,-,-,
华为Watch FIT4Pro 编织表带 (SYA-B29)演示机原野绿,-,-,
华为mate70(CLS-AL00)12+256演示机风信紫,-,-,
华为mate70(CLS-AL00)12+256演示机曜石黑,-,-,
华为mate70(CLS-AL00)12+256演示机雪域白,-,-,
华为mate70(CLS-AL00)12+256演示机曜金黑,-,-,
华为mate70(CLS-AL00)12+256演示机云杉绿,-,-,
华为mate70Pro(PLR-AL00)12+512演示机曜石黑,-,-,
华为mate70Pro(PLR-AL00)12+512演示机雪域白,-,-,
华为mate70Pro(PLR-AL00)12+512演示机云杉绿,-,-,
华为mate70Pro(PLR-AL00)12+512演示机风信紫,-,-,
华为mate70Pro+(PLA-AL10)16+512演示机羽衣白,-,-,
华为mate70Pro+(PLA-AL10)16+512演示机墨韵黑,-,-,
华为mate70Pro+(PLA-AL10)16+512演示机墨玉黑,-,-,
华为mate70Pro+(PLA-AL10)16+512演示机金丝银锦,-,-,
华为mate70Pro+(PLA-AL10)16+512演示机飞天青,-,-,
华为mate70RS非凡大师(PLU-AL10)16+512演示机瑞红,-,-,
华为mate70RS非凡大师(PLU-AL10)16+1T演示机瑞红,-,-,
华为mate70Air(SUP-AL90)12+256演示机曜金黑,T品牌 华为 Mate 70 Air 盾3D高清钢化膜,-,
华为mate70Air(SUP-AL90)12+256演示机羽衣白,T品牌 华为 Mate 70 Air 盾3D高清钢化膜,-,
华为mate70Air(SUP-AL90)12+256演示机金丝银锦,T品牌 华为 Mate 70 Air 盾3D高清钢化膜,-,
华为 Watch5 金星白  SOC-AL00 42mm白色素皮复合表带演示机白色,优诺严选 华为Watch 5全屏丝印高清手表膜,-,
华为 Watch5  RTS-AL00 46mm素皮复合表带演示机棕色,优诺严选 华为Watch 5全屏丝印高清手表膜,-,
华为 Watch5  RTS-AL00 46mm素皮复合表带演示机紫色,优诺严选 华为Watch 5全屏丝印高清手表膜,-,
华为 Watch5  RTS-AL00 46mm钛金属表带演示机钛金属,优诺严选 华为Watch 5全屏丝印高清手表膜,-,
华为 Watch5 幻夜黑 SOC-AL00 42mm黑色氟橡胶表带演示机深锖色,优诺严选 华为Watch 5全屏丝印高清手表膜,-,
华为 Watch5  RTS-AL00 46mm黑色氟橡胶表带演示机深锖色,优诺严选 华为Watch 5全屏丝印高清手表膜,-,
华为 Watch5 星云杏 SOC-AL00 42mm杏色素皮复合表带演示机杏色,优诺严选 华为Watch 5全屏丝印高清手表膜,-,
华为 Watch5 星云杏 SOC-AL00 42mm杏色素皮复合表带演示机烁金色,优诺严选 华为Watch 5全屏丝印高清手表膜,-,
华为 Watch5  SOC-AL00 42mm烁金色钛金属表带演示机烁金色,优诺严选 华为Watch 5全屏丝印高清手表膜,-,
华为 Watch5  SOC-AL00 42mm绿色氟橡胶表带演示机绿色,优诺严选 华为Watch 5全屏丝印高清手表膜,-,
华为 Watch5  RTS-AL00 46mm蓝色素皮复合表带演示机蓝色,优诺严选 华为Watch 5全屏丝印高清手表膜,-,
优品二手机华为Mate70RS 非凡大师 16+1T白,檀木健发梳,-,
华为Pura80Pro LMR-AL00 12+256 演示机釉金,-,-,
华为Pura80Pro LMR-AL00 12+256 演示机釉白,-,-,
华为Pura80Pro LMR-AL00 12+256 演示机釉黑,-,-,
华为Pura80Pro+ LMR-AL10 16+512 演示机釉白,-,-,
华为Pura80Pro+ LMR-AL10 16+512 演示机釉黑,-,-,
华为Pura80Pro+ LMR-AL10 16+512 演示机釉青,-,-,
华为Pura80Pro+ LMR-AL10 16+512 演示机釉红,-,-,
华为Pura80UlraLMR-AL10 16+512 演示机鎏光黑,-,-,
华为Pura80UlraLMR-AL10 16+512 演示机鎏光金,-,-,
华为Pura80UlraLMR-AL10 16+512 演示机流光金,-,-,
华为Pura80 HED-AL00 12+256 演示机丝绒金,-,-,
华为Pura80 HED-AL00 12+256 演示机丝绒黑,-,-,
华为Pura80 HED-AL00 12+256 演示机丝绒白,-,-,
华为Pura80 HED-AL00 12+256 演示机丝绒绿,-,-,
华为WatchGT6 46mm （ATM-B19）黑色氟橡胶表带演示机雅丹黑,优诺严选 华为 Watch GT6高清钢化手表膜,-,
华为WatchGT6Pro 46mm （ATM-B29）黑色氟橡胶表带演示机曜石黑,-,-,
华为WatchGT6 41mm （KSU-B19）紫色氟橡胶表带演示机流光紫,优诺严选 华为 Watch GT6高清钢化手表膜,-,
华为WatchGT6 41mm （KSU-B19）白色复合素皮表带演示机浮光白,优诺严选 华为 Watch GT6高清钢化手表膜,-,
